sigma,set,value
24,A,0
24,A,1
24,A,2
24,A,3
24,A,4
24,A,5
24,A,6
24,A,7
24,A,8
24,A,9
24,A,10
24,A,11
24,A,12
24,A,13
24,A,14
24,A,15
24,A,16
24,A,17
24,A,18
24,A,19
24,A,20
24,A,21
24,A,22
24,A,23
24,A,24
24,A,25
24,A,26
24,A,27
24,A,28
24,A,29
24,A,30
24,A,31
24,A,32
24,A,33
24,A,34
24,A,35
24,A,36
24,A,37
24,A,38
24,A,39
24,A,40
24,A,41
24,A,42
24,A,43
24,A,44
24,A,45
24,A,46
24,A,47
24,A,48
24,A,49
24,A,50
24,A,51
24,A,52
24,A,53
24,A,54
24,A,55
24,A,56
24,A,57
24,A,58
24,A,59
24,A,60
24,A,61
24,A,62
24,A,63
24,A,64
24,A,65
24,A,66
24,A,67
24,A,68
24,A,69
24,A,70
24,A,71
24,A,72
24,A,73
24,A,74
24,A,75
24,A,76
24,A,77
24,A,78
24,A,79
24,A,80
24,A,81
24,A,82
24,A,83
24,A,84
24,A,85
24,A,86
24,A,87
24,A,88
24,A,89
24,A,90
24,A,91
24,A,92
24,A,93
24,A,94
24,A,95
24,A,96
24,A,97
24,A,98
24,A,99
24,A,100
24,A,101
24,A,102
24,A,103
24,A,104
24,A,105
24,A,106
24,A,107
24,A,108
24,A,109
24,A,110
24,A,111
24,A,112
24,A,113
24,A,114
24,A,115
24,A,116
24,A,117
24,A,118
24,A,119
24,A,120
24,A,121
24,A,122
24,A,123
24,A,124
24,A,125
24,A,126
24,A,127
24,A,128
24,A,129
24,A,130
24,A,131
24,A,132
24,A,133
24,A,134
24,A,135
24,A,136
24,A,137
24,A,138
24,A,139
24,A,140
24,A,141
24,A,142
24,A,143
24,A,144
24,A,145
24,A,146
24,A,147
24,A,148
24,A,149
24,A,150
24,A,151
24,A,152
24,A,153
24,A,154
24,A,155
24,A,156
24,A,157
24,A,158
24,A,159
24,A,160
24,A,161
24,A,162
24,A,163
24,A,164
24,A,165
24,A,166
24,A,167
24,A,168
24,A,169
24,A,170
24,A,171
24,A,172
24,A,173
24,A,174
24,A,175
24,A,176
24,A,177
24,A,178
24,A,179
24,A,180
24,A,181
24,A,182
24,A,183
24,A,184
24,A,185
24,A,186
24,A,187
24,A,188
24,A,189
24,A,190
24,A,191
24,A,192
24,A,193
24,A,194
24,A,195
24,A,196
24,A,197
24,A,198
24,A,199
24,A,200
24,A,201
24,A,202
24,A,203
24,A,204
24,A,205
24,A,206
24,A,207
24,A,208
24,A,209
24,A,210
24,A,211
24,A,212
24,A,213
24,A,214
24,A,215
24,A,216
24,A,217
24,A,218
24,A,219
24,A,220
24,A,221
24,A,222
24,A,223
24,A,224
24,A,225
24,A,226
24,A,227
24,A,228
24,A,229
24,A,230
24,A,231
24,A,232
24,A,233
24,A,234
24,A,235
24,A,236
24,A,237
24,A,238
24,A,239
24,A,240
24,A,241
24,A,242
24,A,243
24,A,244
24,A,245
24,A,246
24,A,247
24,A,248
24,A,249
24,A,250
24,A,251
24,A,252
24,A,253
24,A,254
24,A,255
24,A,256
24,A,257
24,A,258
24,A,259
24,A,260
24,A,261
24,A,262
24,A,263
24,A,264
24,A,265
24,A,266
24,A,267
24,A,268
24,A,269
24,A,270
24,A,271
24,A,272
24,A,273
24,A,274
24,A,275
24,A,276
24,A,277
24,A,278
24,A,279
24,A,280
24,A,281
24,A,282
24,A,283
24,A,284
24,A,285
24,A,286
24,A,287
24,A,288
24,A,289
24,A,290
24,A,291
24,A,292
24,A,293
24,A,294
24,A,295
24,A,296
24,A,297
24,A,298
24,A,299
24,A,300
24,A,301
24,A,302
24,A,303
24,A,304
24,A,305
24,A,306
24,A,307
24,A,308
24,A,309
24,A,310
24,A,311
24,A,312
24,A,313
24,A,314
24,A,315
24,A,316
24,A,317
24,A,318
24,A,319
24,A,320
24,A,321
24,A,322
24,A,323
24,A,324
24,A,325
24,A,326
24,A,327
24,A,328
24,A,329
24,A,330
24,A,331
24,A,332
24,A,333
24,A,334
24,A,335
24,A,336
24,A,337
24,A,338
24,A,339
24,A,340
24,A,341
24,A,342
24,A,343
24,A,344
24,A,345
24,A,346
24,A,347
24,A,348
24,A,349
24,A,350
24,A,351
24,A,352
24,A,353
24,A,354
24,A,355
24,A,356
24,A,357
24,A,358
24,A,359
24,A,360
24,A,361
24,A,362
24,A,363
24,A,364
24,A,365
24,A,366
24,A,367
24,A,368
24,A,369
24,A,370
24,A,371
24,A,372
24,A,373
24,A,374
24,A,375
24,A,376
24,A,377
24,A,378
24,A,379
24,A,380
24,A,381
24,A,382
24,A,383
24,A,384
24,A,385
24,A,386
24,A,387
24,A,388
24,A,389
24,A,390
24,A,391
24,A,392
24,A,393
24,A,394
24,A,395
24,A,396
24,A,397
24,A,398
24,A,399
24,A,400
24,A,401
24,A,402
24,A,403
24,A,404
24,A,405
24,A,406
24,A,407
24,A,408
24,A,409
24,A,410
24,A,411
24,A,412
24,A,413
24,A,414
24,A,415
24,A,416
24,A,417
24,A,418
24,A,419
24,A,420
24,A,421
24,A,422
24,A,423
24,A,424
24,A,425
24,A,426
24,A,427
24,A,428
24,A,429
24,A,430
24,A,431
24,A,432
24,A,433
24,A,434
24,A,435
24,A,436
24,A,437
24,A,438
24,A,439
24,A,440
24,A,441
24,A,442
24,A,443
24,A,444
24,A,445
24,A,446
24,A,447
24,A,448
24,A,449
24,A,450
24,A,451
24,A,452
24,A,453
24,A,454
24,A,455
24,A,456
24,A,457
24,A,458
24,A,459
24,A,460
24,A,461
24,A,462
24,A,463
24,A,464
24,A,465
24,A,466
24,A,467
24,A,468
24,A,469
24,A,470
24,A,471
24,A,472
24,A,473
24,A,474
24,A,475
24,A,476
24,A,477
24,A,478
24,A,479
24,A,480
24,A,481
24,A,482
24,A,483
24,A,484
24,A,485
24,A,486
24,A,487
24,A,488
24,A,489
24,A,490
24,A,491
24,A,492
24,A,493
24,A,494
24,A,495
24,A,496
24,A,497
24,A,498
24,A,499
24,A,500
24,A,501
24,A,502
24,A,503
24,A,504
24,A,505
24,A,506
24,A,507
24,A,508
24,A,509
24,A,510
24,A,511
24,A,512
24,A,513
24,A,514
24,A,515
24,A,516
24,A,517
24,A,518
24,A,519
24,A,520
24,A,521
24,A,522
24,A,523
24,A,524
24,A,525
24,A,526
24,A,527
24,A,528
24,A,529
24,A,530
24,A,531
24,A,532
24,A,533
24,A,534
24,A,535
24,A,536
24,A,537
24,A,538
24,A,539
24,A,540
24,A,541
24,A,542
24,A,543
24,A,544
24,A,545
24,A,546
24,A,547
24,A,548
24,A,549
24,A,550
24,A,551
24,A,552
24,A,553
24,A,554
24,A,555
24,A,556
24,A,557
24,A,558
24,A,559
24,A,560
24,A,561
24,A,562
24,A,563
24,A,564
24,A,565
24,A,566
24,A,567
24,A,568
24,A,569
24,A,570
24,A,571
24,A,572
24,A,573
24,A,574
24,A,575
24,A,576
24,A,577
24,A,578
24,A,579
24,A,580
24,A,581
24,A,582
24,A,583
24,A,584
24,A,585
24,A,586
24,A,587
24,A,588
24,A,589
24,A,590
24,A,591
24,A,592
24,A,593
24,A,594
24,A,595
24,A,596
24,A,597
24,A,598
24,A,599
24,A,600
24,A,601
24,A,602
24,A,603
24,A,604
24,A,605
24,A,606
24,A,607
24,A,608
24,A,609
24,A,610
24,A,611
24,A,612
24,A,613
24,A,614
24,A,615
24,A,616
24,A,617
24,A,618
24,A,619
24,A,620
24,A,621
24,A,622
24,A,623
24,A,624
24,A,625
24,A,626
24,A,627
24,A,628
24,A,629
24,A,630
24,A,631
24,A,632
24,A,633
24,A,634
24,A,635
24,A,636
24,A,637
24,A,638
24,A,639
24,A,640
24,A,641
24,A,642
24,A,643
24,A,644
24,A,645
24,A,646
24,A,647
24,A,648
24,A,649
24,A,650
24,A,651
24,A,652
24,A,653
24,A,654
24,A,655
24,A,656
24,A,657
24,A,658
24,A,659
24,A,660
24,A,661
24,A,662
24,A,663
24,A,664
24,A,665
24,A,666
24,A,667
24,A,668
24,A,669
24,A,670
24,A,671
24,A,672
24,A,673
24,A,674
24,A,675
24,A,676
24,A,677
24,A,678
24,A,679
24,A,680
24,A,681
24,A,682
24,A,683
24,A,684
24,A,685
24,A,686
24,A,687
24,A,688
24,A,689
24,A,690
24,A,691
24,A,692
24,A,693
24,A,694
24,A,695
24,A,696
24,A,697
24,A,698
24,A,699
24,A,700
24,A,701
24,A,702
24,A,703
24,A,704
24,A,705
24,A,706
24,A,707
24,A,708
24,A,709
24,A,710
24,A,711
24,A,712
24,A,713
24,A,714
24,A,715
24,A,716
24,A,717
24,A,718
24,A,719
24,A,720
24,A,721
24,A,722
24,A,723
24,A,724
24,A,725
24,A,726
24,A,727
24,A,728
24,A,729
24,A,730
24,A,731
24,A,732
24,A,733
24,A,734
24,A,735
24,A,736
24,A,737
24,A,738
24,A,739
24,A,740
24,A,741
24,A,742
24,A,743
24,A,744
24,A,745
24,A,746
24,A,747
24,A,748
24,A,749
24,A,750
24,A,751
24,A,752
24,A,753
24,A,754
24,A,755
24,A,756
24,A,757
24,A,758
24,A,759
24,A,760
24,A,761
24,A,762
24,A,763
24,A,764
24,A,765
24,A,766
24,A,767
24,A,768
24,A,769
24,A,770
24,A,771
24,A,772
24,A,773
24,A,774
24,A,775
24,A,776
24,A,777
24,A,778
24,A,779
24,A,780
24,A,781
24,A,782
24,A,783
24,A,784
24,A,785
24,A,786
24,A,787
24,A,788
24,A,789
24,A,790
24,A,791
24,A,792
24,A,793
24,A,794
24,A,795
24,A,796
24,A,797
24,A,798
24,A,799
24,A,800
24,A,801
24,A,802
24,A,803
24,A,804
24,A,805
24,A,806
24,A,807
24,A,808
24,A,809
24,A,810
24,A,811
24,A,812
24,A,813
24,A,814
24,A,815
24,A,816
24,A,817
24,A,818
24,A,819
24,A,820
24,A,821
24,A,822
24,A,823
24,A,824
24,A,825
24,A,826
24,A,827
24,A,828
24,A,829
24,A,830
24,A,831
24,A,832
24,A,833
24,A,834
24,A,835
24,A,836
24,A,837
24,A,838
24,A,839
24,A,840
24,A,841
24,A,842
24,A,843
24,A,844
24,A,845
24,A,846
24,A,847
24,A,848
24,A,849
24,A,850
24,A,851
24,A,852
24,A,853
24,A,854
24,A,855
24,A,856
24,A,857
24,A,858
24,A,859
24,A,860
24,A,861
24,A,862
24,A,863
24,A,864
24,A,865
24,A,866
24,A,867
24,A,868
24,A,869
24,A,870
24,A,871
24,A,872
24,A,873
24,A,874
24,A,875
24,A,876
24,A,877
24,A,878
24,A,879
24,A,880
24,A,881
24,A,882
24,A,883
24,A,884
24,A,885
24,A,886
24,A,887
24,A,888
24,A,889
24,A,890
24,A,891
24,A,892
24,A,893
24,A,894
24,A,895
24,A,896
24,A,897
24,A,898
24,A,899
24,A,900
24,A,901
24,A,902
24,A,903
24,A,904
24,A,905
24,A,906
24,A,907
24,A,908
24,A,909
24,A,910
24,A,911
24,A,912
24,A,913
24,A,914
24,A,915
24,A,916
24,A,917
24,A,918
24,A,919
24,A,920
24,A,921
24,A,922
24,A,923
24,A,924
24,A,925
24,A,926
24,A,927
24,A,928
24,A,929
24,A,930
24,A,931
24,A,932
24,A,933
24,A,934
24,A,935
24,A,936
24,A,937
24,A,938
24,A,939
24,A,940
24,A,941
24,A,942
24,A,943
24,A,944
24,A,945
24,A,946
24,A,947
24,A,948
24,A,949
24,A,950
24,A,951
24,A,952
24,A,953
24,A,954
24,A,955
24,A,956
24,A,957
24,A,958
24,A,959
24,A,960
24,A,961
24,A,962
24,A,963
24,A,964
24,A,965
24,A,966
24,A,967
24,A,968
24,A,969
24,A,970
24,A,971
24,A,972
24,A,973
24,A,974
24,A,975
24,A,976
24,A,977
24,A,978
24,A,979
24,A,980
24,A,981
24,A,982
24,A,983
24,A,984
24,A,985
24,A,986
24,A,987
24,A,988
24,A,989
24,A,990
24,A,991
24,A,992
24,A,993
24,A,994
24,A,995
24,A,996
24,A,997
24,A,998
24,A,999
24,A,1000
24,A,1001
24,A,1002
24,A,1003
24,A,1004
24,A,1005
24,A,1006
24,A,1007
24,A,1008
24,A,1009
24,A,1010
24,A,1011
24,A,1012
24,A,1013
24,A,1014
24,A,1015
24,A,1016
24,A,1017
24,A,1018
24,A,1019
24,A,1020
24,A,1021
24,A,1022
24,A,1023
24,A,1024
24,A,1025
24,A,1026
24,A,1027
24,A,1028
24,A,1029
24,A,1030
24,A,1031
24,A,1032
24,A,1033
24,A,1034
24,A,1035
24,A,1036
24,A,1037
24,A,1038
24,A,1039
24,A,1040
24,A,1041
24,A,1042
24,A,1043
24,A,1044
24,A,1045
24,A,1046
24,A,1047
24,A,1048
24,A,1049
24,A,1050
24,A,1051
24,A,1052
24,A,1053
24,A,1054
24,A,1055
24,A,1056
24,A,1057
24,A,1058
24,A,1059
24,A,1060
24,A,1061
24,A,1062
24,A,1063
24,A,1064
24,A,1065
24,A,1066
24,A,1067
24,A,1068
24,A,1069
24,A,1070
24,A,1071
24,A,1072
24,A,1073
24,A,1074
24,A,1075
24,A,1076
24,A,1077
24,A,1078
24,A,1079
24,A,1080
24,A,1081
24,A,1082
24,A,1083
24,A,1084
24,A,1085
24,A,1086
24,A,1087
24,A,1088
24,A,1089
24,A,1090
24,A,1091
24,A,1092
24,A,1093
24,A,1094
24,A,1095
24,A,1096
24,A,1097
24,A,1098
24,A,1099
24,A,1100
24,A,1101
24,A,1102
24,A,1103
24,A,1104
24,A,1105
24,A,1106
24,A,1107
24,A,1108
24,A,1109
24,A,1110
24,A,1111
24,A,1112
24,A,1113
24,A,1114
24,A,1115
24,A,1116
24,A,1117
24,A,1118
24,A,1119
24,A,1120
24,A,1121
24,A,1122
24,A,1123
24,A,1124
24,A,1125
24,A,1126
24,A,1127
24,A,1128
24,A,1129
24,A,1130
24,A,1131
24,A,1132
24,A,1133
24,A,1134
24,A,1135
24,A,1136
24,A,1137
24,A,1138
24,A,1139
24,A,1140
24,A,1141
24,A,1142
24,A,1143
24,A,1144
24,A,1145
24,A,1146
24,A,1147
24,A,1148
24,A,1149
24,A,1150
24,A,1151
24,A,1152
24,A,1153
24,A,1154
24,A,1155
24,A,1156
24,A,1157
24,A,1158
24,A,1159
24,A,1160
24,A,1161
24,A,1162
24,A,1163
24,A,1164
24,A,1165
24,A,1166
24,A,1167
24,A,1168
24,A,1169
24,A,1170
24,A,1171
24,A,1172
24,A,1173
24,A,1174
24,A,1175
24,A,1176
24,A,1177
24,A,1178
24,A,1179
24,A,1180
24,A,1181
24,A,1182
24,A,1183
24,A,1184
24,A,1185
24,A,1186
24,A,1187
24,A,1188
24,A,1189
24,A,1190
24,A,1191
24,A,1192
24,A,1193
24,A,1194
24,A,1195
24,A,1196
24,A,1197
24,A,1198
24,A,1199
24,A,1200
24,A,1201
24,A,1202
24,A,1203
24,A,1204
24,A,1205
24,A,1206
24,A,1207
24,A,1208
24,A,1209
24,A,1210
24,A,1211
24,A,1212
24,A,1213
24,A,1214
24,A,1215
24,A,1216
24,A,1217
24,A,1218
24,A,1219
24,A,1220
24,A,1221
24,A,1222
24,A,1223
24,A,1224
24,A,1225
24,A,1226
24,A,1227
24,A,1228
24,A,1229
24,A,1230
24,A,1231
24,A,1232
24,A,1233
24,A,1234
24,A,1235
24,A,1236
24,A,1237
24,A,1238
24,A,1239
24,A,1240
24,A,1241
24,A,1242
24,A,1243
24,A,1244
24,A,1245
24,A,1246
24,A,1247
24,A,1248
24,A,1249
24,A,1250
24,A,1251
24,A,1252
24,A,1253
24,A,1254
24,A,1255
24,A,1256
24,A,1257
24,A,1258
24,A,1259
24,A,1260
24,A,1261
24,A,1262
24,A,1263
24,A,1264
24,A,1265
24,A,1266
24,A,1267
24,A,1268
24,A,1269
24,A,1270
24,A,1271
24,A,1272
24,A,1273
24,A,1274
24,A,1275
24,A,1276
24,A,1277
24,A,1278
24,A,1279
24,A,1280
24,A,1281
24,A,1282
24,A,1283
24,A,1284
24,A,1285
24,A,1286
24,A,1287
24,A,1288
24,A,1289
24,A,1290
24,A,1291
24,A,1292
24,A,1293
24,A,1294
24,A,1295
24,A,1296
24,A,1297
24,A,1298
24,A,1299
24,A,1300
24,A,1301
24,A,1302
24,A,1303
24,A,1304
24,A,1305
24,A,1306
24,A,1307
24,A,1308
24,A,1309
24,A,1310
24,A,1311
24,A,1312
24,A,1313
24,A,1314
24,A,1315
24,A,1316
24,A,1317
24,A,1318
24,A,1319
24,A,1320
24,A,1321
24,A,1322
24,A,1323
24,A,1324
24,A,1325
24,A,1326
24,A,1327
24,A,1328
24,A,1329
24,A,1330
24,A,1331
24,A,1332
24,A,1333
24,A,1334
24,A,1335
24,A,1336
24,A,1337
24,A,1338
24,A,1339
24,A,1340
24,A,1341
24,A,1342
24,A,1343
24,A,1344
24,A,1345
24,A,1346
24,A,1347
24,A,1348
24,A,1349
24,A,1350
24,A,1351
24,A,1352
24,A,1353
24,A,1354
24,A,1355
24,A,1356
24,A,1357
24,A,1358
24,A,1359
24,A,1360
24,A,1361
24,A,1362
24,A,1363
24,A,1364
24,A,1365
24,A,1366
24,A,1367
24,A,1368
24,A,1369
24,A,1370
24,A,1371
24,A,1372
24,A,1373
24,A,1374
24,A,1375
24,A,1376
24,A,1377
24,A,1378
24,A,1379
24,A,1380
24,A,1381
24,A,1382
24,A,1383
24,A,1384
24,A,1385
24,A,1386
24,A,1387
24,A,1388
24,A,1389
24,A,1390
24,A,1391
24,A,1392
24,A,1393
24,A,1394
24,A,1395
24,A,1396
24,A,1397
24,A,1398
24,A,1399
24,A,1400
24,A,1401
24,A,1402
24,A,1403
24,A,1404
24,A,1405
24,A,1406
24,A,1407
24,A,1408
24,A,1409
24,A,1410
24,A,1411
24,A,1412
24,A,1413
24,A,1414
24,A,1415
24,A,1416
24,A,1417
24,A,1418
24,A,1419
24,A,1420
24,A,1421
24,A,1422
24,A,1423
24,A,1424
24,A,1425
24,A,1426
24,A,1427
24,A,1428
24,A,1429
24,A,1430
24,A,1431
24,A,1432
24,A,1433
24,A,1434
24,A,1435
24,A,1436
24,A,1437
24,A,1438
24,A,1439
24,A,1440
24,A,1441
24,A,1442
24,A,1443
24,A,1444
24,A,1445
24,A,1446
24,A,1447
24,A,1448
24,A,1449
24,A,1450
24,A,1451
24,A,1452
24,A,1453
24,A,1454
24,A,1455
24,A,1456
24,A,1457
24,A,1458
24,A,1459
24,A,1460
24,A,1461
24,A,1462
24,A,1463
24,A,1464
24,A,1465
24,A,1466
24,A,1467
24,A,1468
24,A,1469
24,A,1470
24,A,1471
24,A,1472
24,A,1473
24,A,1474
24,A,1475
24,A,1476
24,A,1477
24,A,1478
24,A,1479
24,A,1480
24,A,1481
24,A,1482
24,A,1483
24,A,1484
24,A,1485
24,A,1486
24,A,1487
24,A,1488
24,A,1489
24,A,1490
24,A,1491
24,A,1492
24,A,1493
24,A,1494
24,A,1495
24,A,1496
24,A,1497
24,A,1498
24,A,1499
24,A,1500
24,A,1501
24,A,1502
24,A,1503
24,A,1504
24,A,1505
24,A,1506
24,A,1507
24,A,1508
24,A,1509
24,A,1510
24,A,1511
24,A,1512
24,A,1513
24,A,1514
24,A,1515
24,A,1516
24,A,1517
24,A,1518
24,A,1519
24,A,1520
24,A,1521
24,A,1522
24,A,1523
24,A,1524
24,A,1525
24,A,1526
24,A,1527
24,A,1528
24,A,1529
24,A,1530
24,A,1531
24,A,1532
24,A,1533
24,A,1534
24,A,1535
24,A,1536
24,A,1537
24,A,1538
24,A,1539
24,A,1540
24,A,1541
24,A,1542
24,A,1543
24,A,1544
24,A,1545
24,A,1546
24,A,1547
24,A,1548
24,A,1549
24,A,1550
24,A,1551
24,A,1552
24,A,1553
24,A,1554
24,A,1555
24,A,1556
24,A,1557
24,A,1558
24,A,1559
24,A,1560
24,A,1561
24,A,1562
24,A,1563
24,A,1564
24,A,1565
24,A,1566
24,A,1567
24,A,1568
24,A,1569
24,A,1570
24,A,1571
24,A,1572
24,A,1573
24,A,1574
24,A,1575
24,A,1576
24,A,1577
24,A,1578
24,A,1579
24,A,1580
24,A,1581
24,A,1582
24,A,1583
24,A,1584
24,A,1585
24,A,1586
24,A,1587
24,A,1588
24,A,1589
24,A,1590
24,A,1591
24,A,1592
24,A,1593
24,A,1594
24,A,1595
24,A,1596
24,A,1597
24,A,1598
24,A,1599
24,A,1600
24,A,1601
24,A,1602
24,A,1603
24,A,1604
24,A,1605
24,A,1606
24,A,1607
24,A,1608
24,A,1609
24,A,1610
24,A,1611
24,A,1612
24,A,1613
24,A,1614
24,A,1615
24,A,1616
24,A,1617
24,A,1618
24,A,1619
24,A,1620
24,A,1621
24,A,1622
24,A,1623
24,A,1624
24,A,1625
24,A,1626
24,A,1627
24,A,1628
24,A,1629
24,A,1630
24,A,1631
24,A,1632
24,A,1633
24,A,1634
24,A,1635
24,A,1636
24,A,1637
24,A,1638
24,A,1639
24,A,1640
24,A,1641
24,A,1642
24,A,1643
24,A,1644
24,A,1645
24,A,1646
24,A,1647
24,A,1648
24,A,1649
24,A,1650
24,A,1651
24,A,1652
24,A,1653
24,A,1654
24,A,1655
24,A,1656
24,A,1657
24,A,1658
24,A,1659
24,A,1660
24,A,1661
24,A,1662
24,A,1663
24,A,1664
24,A,1665
24,A,1666
24,A,1667
24,A,1668
24,A,1669
24,A,1670
24,A,1671
24,A,1672
24,A,1673
24,A,1674
24,A,1675
24,A,1676
24,A,1677
24,A,1678
24,A,1679
24,A,1680
24,A,1681
24,A,1682
24,A,1683
24,A,1684
24,A,1685
24,A,1686
24,A,1687
24,A,1688
24,A,1689
24,A,1690
24,A,1691
24,A,1692
24,A,1693
24,A,1694
24,A,1695
24,A,1696
24,A,1697
24,A,1698
24,A,1699
24,A,1700
24,A,1701
24,A,1702
24,A,1703
24,A,1704
24,A,1705
24,A,1706
24,A,1707
24,A,1708
24,A,1709
24,A,1710
24,A,1711
24,A,1712
24,A,1713
24,A,1714
24,A,1715
24,A,1716
24,A,1717
24,A,1718
24,A,1719
24,A,1720
24,A,1721
24,A,1722
24,A,1723
24,A,1724
24,A,1725
24,A,1726
24,A,1727
24,A,1728
24,A,1729
24,A,1730
24,A,1731
24,A,1732
24,A,1733
24,A,1734
24,A,1735
24,A,1736
24,A,1737
24,A,1738
24,A,1739
24,A,1740
24,A,1741
24,A,1742
24,A,1743
24,A,1744
24,A,1745
24,A,1746
24,A,1747
24,A,1748
24,A,1749
24,A,1750
24,A,1751
24,A,1752
24,A,1753
24,A,1754
24,A,1755
24,A,1756
24,A,1757
24,A,1758
24,A,1759
24,A,1760
24,A,1761
24,A,1762
24,A,1763
24,A,1764
24,A,1765
24,A,1766
24,A,1767
24,A,1768
24,A,1769
24,A,1770
24,A,1771
24,A,1772
24,A,1773
24,A,1774
24,A,1775
24,A,1776
24,A,1777
24,A,1778
24,A,1779
24,A,1780
24,A,1781
24,A,1782
24,A,1783
24,A,1784
24,A,1785
24,A,1786
24,A,1787
24,A,1788
24,A,1789
24,A,1790
24,A,1791
24,A,1792
24,A,1793
24,A,1794
24,A,1795
24,A,1796
24,A,1797
24,A,1798
24,A,1799
24,A,1800
24,A,1801
24,A,1802
24,A,1803
24,A,1804
24,A,1805
24,A,1806
24,A,1807
24,A,1808
24,A,1809
24,A,1810
24,A,1811
24,A,1812
24,A,1813
24,A,1814
24,A,1815
24,A,1816
24,A,1817
24,A,1818
24,A,1819
24,A,1820
24,A,1821
24,A,1822
24,A,1823
24,A,1824
24,A,1825
24,A,1826
24,A,1827
24,A,1828
24,A,1829
24,A,1830
24,A,1831
24,A,1832
24,A,1833
24,A,1834
24,A,1835
24,A,1836
24,A,1837
24,A,1838
24,A,1839
24,A,1840
24,A,1841
24,A,1842
24,A,1843
24,A,1844
24,A,1845
24,A,1846
24,A,1847
24,A,1848
24,A,1849
24,A,1850
24,A,1851
24,A,1852
24,A,1853
24,A,1854
24,A,1855
24,A,1856
24,A,1857
24,A,1858
24,A,1859
24,A,1860
24,A,1861
24,A,1862
24,A,1863
24,A,1864
24,A,1865
24,A,1866
24,A,1867
24,A,1868
24,A,1869
24,A,1870
24,A,1871
24,A,1872
24,A,1873
24,A,1874
24,A,1875
24,A,1876
24,A,1877
24,A,1878
24,A,1879
24,A,1880
24,A,1881
24,A,1882
24,A,1883
24,A,1884
24,A,1885
24,A,1886
24,A,1887
24,A,1888
24,A,1889
24,A,1890
24,A,1891
24,A,1892
24,A,1893
24,A,1894
24,A,1895
24,A,1896
24,A,1897
24,A,1898
24,A,1899
24,A,1900
24,A,1901
24,A,1902
24,A,1903
24,A,1904
24,A,1905
24,A,1906
24,A,1907
24,A,1908
24,A,1909
24,A,1910
24,A,1911
24,A,1912
24,A,1913
24,A,1914
24,A,1915
24,A,1916
24,A,1917
24,A,1918
24,A,1919
24,A,1920
24,A,1921
24,A,1922
24,A,1923
24,A,1924
24,A,1925
24,A,1926
24,A,1927
24,A,1928
24,A,1929
24,A,1930
24,A,1931
24,A,1932
24,A,1933
24,A,1934
24,A,1935
24,A,1936
24,A,1937
24,A,1938
24,A,1939
24,A,1940
24,A,1941
24,A,1942
24,A,1943
24,A,1944
24,A,1945
24,A,1946
24,A,1947
24,A,1948
24,A,1949
24,A,1950
24,A,1951
24,A,1952
24,A,1953
24,A,1954
24,A,1955
24,A,1956
24,A,1957
24,A,1958
24,A,1959
24,A,1960
24,A,1961
24,A,1962
24,A,1963
24,A,1964
24,A,1965
24,A,1966
24,A,1967
24,A,1968
24,A,1969
24,A,1970
24,A,1971
24,A,1972
24,A,1973
24,A,1974
24,A,1975
24,A,1976
24,A,1977
24,A,1978
24,A,1979
24,A,1980
24,A,1981
24,A,1982
24,A,1983
24,A,1984
24,A,1985
24,A,1986
24,A,1987
24,A,1988
24,A,1989
24,A,1990
24,A,1991
24,A,1992
24,A,1993
24,A,1994
24,A,1995
24,A,1996
24,A,1997
24,A,1998
24,A,1999
24,A,2000
24,A,2001
24,A,2002
24,A,2003
24,A,2004
24,A,2005
24,A,2006
24,A,2007
24,A,2008
24,A,2009
24,A,2010
24,A,2011
24,A,2012
24,A,2013
24,A,2014
24,A,2015
24,A,2016
24,A,2017
24,A,2018
24,A,2019
24,A,2020
24,A,2021
24,A,2022
24,A,2023
24,A,2024
24,A,2025
24,A,2026
24,A,2027
24,A,2028
24,A,2029
24,A,2030
24,A,2031
24,A,2032
24,A,2033
24,A,2034
24,A,2035
24,A,2036
24,A,2037
24,A,2038
24,A,2039
24,A,2040
24,A,2041
24,A,2042
24,A,2043
24,A,2044
24,A,2045
24,A,2046
24,A,2047
24,A,2048
24,A,2049
24,A,2050
24,A,2051
24,A,2052
24,A,2053
24,A,2054
24,A,2055
24,A,2056
24,A,2057
24,A,2058
24,A,2059
24,A,2060
24,A,2061
24,A,2062
24,A,2063
24,A,2064
24,A,2065
24,A,2066
24,A,2067
24,A,2068
24,A,2069
24,A,2070
24,A,2071
24,A,2072
24,A,2073
24,A,2074
24,A,2075
24,A,2076
24,A,2077
24,A,2078
24,A,2079
24,A,2080
24,A,2081
24,A,2082
24,A,2083
24,A,2084
24,A,2085
24,A,2086
24,A,2087
24,A,2088
24,A,2089
24,A,2090
24,A,2091
24,A,2092
24,A,2093
24,A,2094
24,A,2095
24,A,2096
24,A,2097
24,A,2098
24,A,2099
24,A,2100
24,A,2101
24,A,2102
24,A,2103
24,A,2104
24,A,2105
24,A,2106
24,A,2107
24,A,2108
24,A,2109
24,A,2110
24,A,2111
24,A,2112
24,A,2113
24,A,2114
24,A,2115
24,A,2116
24,A,2117
24,A,2118
24,A,2119
24,A,2120
24,A,2121
24,A,2122
24,A,2123
24,A,2124
24,A,2125
24,A,2126
24,A,2127
24,A,2128
24,A,2129
24,A,2130
24,A,2131
24,A,2132
24,A,2133
24,A,2134
24,A,2135
24,A,2136
24,A,2137
24,A,2138
24,A,2139
24,A,2140
24,A,2141
24,A,2142
24,A,2143
24,A,2144
24,A,2145
24,A,2146
24,A,2147
24,A,2148
24,A,2149
24,A,2150
24,A,2151
24,A,2152
24,A,2153
24,A,2154
24,A,2155
24,A,2156
24,A,2157
24,A,2158
24,A,2159
24,A,2160
24,A,2161
24,A,2162
24,A,2163
24,A,2164
24,A,2165
24,A,2166
24,A,2167
24,A,2168
24,A,2169
24,A,2170
24,A,2171
24,A,2172
24,A,2173
24,A,2174
24,A,2175
24,A,2176
24,A,2177
24,A,2178
24,A,2179
24,A,2180
24,A,2181
24,A,2182
24,A,2183
24,A,2184
24,A,2185
24,A,2186
24,A,2187
24,A,2188
24,A,2189
24,A,2190
24,A,2191
24,A,2192
24,A,2193
24,A,2194
24,A,2195
24,A,2196
24,A,2197
24,A,2198
24,A,2199
24,A,2200
24,A,2201
24,A,2202
24,A,2203
24,A,2204
24,A,2205
24,A,2206
24,A,2207
24,A,2208
24,A,2209
24,A,2210
24,A,2211
24,A,2212
24,A,2213
24,A,2214
24,A,2215
24,A,2216
24,A,2217
24,A,2218
24,A,2219
24,A,2220
24,A,2221
24,A,2222
24,A,2223
24,A,2224
24,A,2225
24,A,2226
24,A,2227
24,A,2228
24,A,2229
24,A,2230
24,A,2231
24,A,2232
24,A,2233
24,A,2234
24,A,2235
24,A,2236
24,A,2237
24,A,2238
24,A,2239
24,A,2240
24,A,2241
24,A,2242
24,A,2243
24,A,2244
24,A,2245
24,A,2246
24,A,2247
24,A,2248
24,A,2249
24,A,2250
24,A,2251
24,A,2252
24,A,2253
24,A,2254
24,A,2255
24,A,2256
24,A,2257
24,A,2258
24,A,2259
24,A,2260
24,A,2261
24,A,2262
24,A,2263
24,A,2264
24,A,2265
24,A,2266
24,A,2267
24,A,2268
24,A,2269
24,A,2270
24,A,2271
24,A,2272
24,A,2273
24,A,2274
24,A,2275
24,A,2276
24,A,2277
24,A,2278
24,A,2279
24,A,2280
24,A,2281
24,A,2282
24,A,2283
24,A,2284
24,A,2285
24,A,2286
24,A,2287
24,A,2288
24,A,2289
24,A,2290
24,A,2291
24,A,2292
24,A,2293
24,A,2294
24,A,2295
24,A,2296
24,A,2297
24,A,2298
24,A,2299
24,A,2300
24,A,2301
24,A,2302
24,A,2303
24,A,2304
24,A,2305
24,A,2306
24,A,2307
24,A,2308
24,A,2309
24,A,2310
24,A,2311
24,A,2312
24,A,2313
24,A,2314
24,A,2315
24,A,2316
24,A,2317
24,A,2318
24,A,2319
24,A,2320
24,A,2321
24,A,2322
24,A,2323
24,A,2324
24,A,2325
24,A,2326
24,A,2327
24,A,2328
24,A,2329
24,A,2330
24,A,2331
24,A,2332
24,A,2333
24,A,2334
24,A,2335
24,A,2336
24,A,2337
24,A,2338
24,A,2339
24,A,2340
24,A,2341
24,A,2342
24,A,2343
24,A,2344
24,A,2345
24,A,2346
24,A,2347
24,A,2348
24,A,2349
24,A,2350
24,A,2351
24,A,2352
24,A,2353
24,A,2354
24,A,2355
24,A,2356
24,A,2357
24,A,2358
24,A,2359
24,A,2360
24,A,2361
24,A,2362
24,A,2363
24,A,2364
24,A,2365
24,A,2366
24,A,2367
24,A,2368
24,A,2369
24,A,2370
24,A,2371
24,A,2372
24,A,2373
24,A,2374
24,A,2375
24,A,2376
24,A,2377
24,A,2378
24,A,2379
24,A,2380
24,A,2381
24,A,2382
24,A,2383
24,A,2384
24,A,2385
24,A,2386
24,A,2387
24,A,2388
24,A,2389
24,A,2390
24,A,2391
24,A,2392
24,A,2393
24,A,2394
24,A,2395
24,A,2396
24,A,2397
24,A,2398
24,A,2399
24,A,2400
24,A,2401
24,A,2402
24,A,2403
24,A,2404
24,A,2405
24,A,2406
24,A,2407
24,A,2408
24,A,2409
24,A,2410
24,A,2411
24,A,2412
24,A,2413
24,A,2414
24,A,2415
24,A,2416
24,A,2417
24,A,2418
24,A,2419
24,A,2420
24,A,2421
24,A,2422
24,A,2423
24,A,2424
24,A,2425
24,A,2426
24,A,2427
24,A,2428
24,A,2429
24,A,2430
24,A,2431
24,A,2432
24,A,2433
24,A,2434
24,A,2435
24,A,2436
24,A,2437
24,A,2438
24,A,2439
24,A,2440
24,A,2441
24,A,2442
24,A,2443
24,A,2444
24,A,2445
24,A,2446
24,A,2447
24,A,2448
24,A,2449
24,A,2450
24,A,2451
24,A,2452
24,A,2453
24,A,2454
24,A,2455
24,A,2456
24,A,2457
24,A,2458
24,A,2459
24,A,2460
24,A,2461
24,A,2462
24,A,2463
24,A,2464
24,A,2465
24,A,2466
24,A,2467
24,A,2468
24,A,2469
24,A,2470
24,A,2471
24,A,2472
24,A,2473
24,A,2474
24,A,2475
24,A,2476
24,A,2477
24,A,2478
24,A,2479
24,A,2480
24,A,2481
24,A,2482
24,A,2483
24,A,2484
24,A,2485
24,A,2486
24,A,2487
24,A,2488
24,A,2489
24,A,2490
24,A,2491
24,A,2492
24,A,2493
24,A,2494
24,A,2495
24,A,2496
24,A,2497
24,A,2498
24,A,2499
24,A,2500
24,A,2501
24,A,2502
24,A,2503
24,A,2504
24,A,2505
24,A,2506
24,A,2507
24,A,2508
24,A,2509
24,A,2510
24,A,2511
24,A,2512
24,A,2513
24,A,2514
24,A,2515
24,A,2516
24,A,2517
24,A,2518
24,A,2519
24,A,2520
24,A,2521
24,A,2522
24,A,2523
24,A,2524
24,A,2525
24,A,2526
24,A,2527
24,A,2528
24,A,2529
24,A,2530
24,A,2531
24,A,2532
24,A,2533
24,A,2534
24,A,2535
24,A,2536
24,A,2537
24,A,2538
24,A,2539
24,A,2540
24,A,2541
24,A,2542
24,A,2543
24,A,2544
24,A,2545
24,A,2546
24,A,2547
24,A,2548
24,A,2549
24,A,2550
24,A,2551
24,A,2552
24,A,2553
24,A,2554
24,A,2555
24,A,2556
24,A,2557
24,A,2558
24,A,2559
24,A,2560
24,A,2561
24,A,2562
24,A,2563
24,A,2564
24,A,2565
24,A,2566
24,A,2567
24,A,2568
24,A,2569
24,A,2570
24,A,2571
24,A,2572
24,A,2573
24,A,2574
24,A,2575
24,A,2576
24,A,2577
24,A,2578
24,A,2579
24,A,2580
24,A,2581
24,A,2582
24,A,2583
24,A,2584
24,A,2585
24,A,2586
24,A,2587
24,A,2588
24,A,2589
24,A,2590
24,A,2591
24,A,2592
24,A,2593
24,A,2594
24,A,2595
24,A,2596
24,A,2597
24,A,2598
24,A,2599
24,A,2600
24,A,2601
24,A,2602
24,A,2603
24,A,2604
24,A,2605
24,A,2606
24,A,2607
24,A,2608
24,A,2609
24,A,2610
24,A,2611
24,A,2612
24,A,2613
24,A,2614
24,A,2615
24,A,2616
24,A,2617
24,A,2618
24,A,2619
24,A,2620
24,A,2621
24,A,2622
24,A,2623
24,A,2624
24,A,2625
24,A,2626
24,A,2627
24,A,2628
24,A,2629
24,A,2630
24,A,2631
24,A,2632
24,A,2633
24,A,2634
24,A,2635
24,A,2636
24,A,2637
24,A,2638
24,A,2639
24,A,2640
24,A,2641
24,A,2642
24,A,2643
24,A,2644
24,A,2645
24,A,2646
24,A,2647
24,A,2648
24,A,2649
24,A,2650
24,A,2651
24,A,2652
24,A,2653
24,A,2654
24,A,2655
24,A,2656
24,A,2657
24,A,2658
24,A,2659
24,A,2660
24,A,2661
24,A,2662
24,A,2663
24,A,2664
24,A,2665
24,A,2666
24,A,2667
24,A,2668
24,A,2669
24,A,2670
24,A,2671
24,A,2672
24,A,2673
24,A,2674
24,A,2675
24,A,2676
24,A,2677
24,A,2678
24,A,2679
24,A,2680
24,A,2681
24,A,2682
24,A,2683
24,A,2684
24,A,2685
24,A,2686
24,A,2687
24,A,2688
24,A,2689
24,A,2690
24,A,2691
24,A,2692
24,A,2693
24,A,2694
24,A,2695
24,A,2696
24,A,2697
24,A,2698
24,A,2699
24,A,2700
24,A,2701
24,A,2702
24,A,2703
24,A,2704
24,A,2705
24,A,2706
24,A,2707
24,A,2708
24,A,2709
24,A,2710
24,A,2711
24,A,2712
24,A,2713
24,A,2714
24,A,2715
24,A,2716
24,A,2717
24,A,2718
24,A,2719
24,A,2720
24,A,2721
24,A,2722
24,A,2723
24,A,2724
24,A,2725
24,A,2726
24,A,2727
24,A,2728
24,A,2729
24,A,2730
24,A,2731
24,A,2732
24,A,2733
24,A,2734
24,A,2735
24,A,2736
24,A,2737
24,A,2738
24,A,2739
24,A,2740
24,A,2741
24,A,2742
24,A,2743
24,A,2744
24,A,2745
24,A,2746
24,A,2747
24,A,2748
24,A,2749
24,A,2750
24,A,2751
24,A,2752
24,A,2753
24,A,2754
24,A,2755
24,A,2756
24,A,2757
24,A,2758
24,A,2759
24,A,2760
24,A,2761
24,A,2762
24,A,2763
24,A,2764
24,A,2765
24,A,2766
24,A,2767
24,A,2768
24,A,2769
24,A,2770
24,A,2771
24,A,2772
24,A,2773
24,A,2774
24,A,2775
24,A,2776
24,A,2777
24,A,2778
24,A,2779
24,A,2780
24,A,2781
24,A,2782
24,A,2783
24,A,2784
24,A,2785
24,A,2786
24,A,2787
24,A,2788
24,A,2789
24,A,2790
24,A,2791
24,A,2792
24,A,2793
24,A,2794
24,A,2795
24,A,2796
24,A,2797
24,A,2798
24,A,2799
24,A,2800
24,A,2801
24,A,2802
24,A,2803
24,A,2804
24,A,2805
24,A,2806
24,A,2807
24,A,2808
24,A,2809
24,A,2810
24,A,2811
24,A,2812
24,A,2813
24,A,2814
24,A,2815
24,A,2816
24,A,2817
24,A,2818
24,A,2819
24,A,2820
24,A,2821
24,A,2822
24,A,2823
24,A,2824
24,A,2825
24,A,2826
24,A,2827
24,A,2828
24,A,2829
24,A,2830
24,A,2831
24,A,2832
24,A,2833
24,A,2834
24,A,2835
24,A,2836
24,A,2837
24,A,2838
24,A,2839
24,A,2840
24,A,2841
24,A,2842
24,A,2843
24,A,2844
24,A,2845
24,A,2846
24,A,2847
24,A,2848
24,A,2849
24,A,2850
24,A,2851
24,A,2852
24,A,2853
24,A,2854
24,A,2855
24,A,2856
24,A,2857
24,A,2858
24,A,2859
24,A,2860
24,A,2861
24,A,2862
24,A,2863
24,A,2864
24,A,2865
24,A,2866
24,A,2867
24,A,2868
24,A,2869
24,A,2870
24,A,2871
24,A,2872
24,A,2873
24,A,2874
24,A,2875
24,A,2876
24,A,2877
24,A,2878
24,A,2879
24,A,2880
24,A,2881
24,A,2882
24,A,2883
24,A,2884
24,A,2885
24,A,2886
24,A,2887
24,A,2888
24,A,2889
24,A,2890
24,A,2891
24,A,2892
24,A,2893
24,A,2894
24,A,2895
24,A,2896
24,A,2897
24,A,2898
24,A,2899
24,A,2900
24,A,2901
24,A,2902
24,A,2903
24,A,2904
24,A,2905
24,A,2906
24,A,2907
24,A,2908
24,A,2909
24,A,2910
24,A,2911
24,A,2912
24,A,2913
24,A,2914
24,A,2915
24,A,2916
24,A,2917
24,A,2918
24,A,2919
24,A,2920
24,A,2921
24,A,2922
24,A,2923
24,A,2924
24,A,2925
24,A,2926
24,A,2927
24,A,2928
24,A,2929
24,A,2930
24,A,2931
24,A,2932
24,A,2933
24,A,2934
24,A,2935
24,A,2936
24,A,2937
24,A,2938
24,A,2939
24,A,2940
24,A,2941
24,A,2942
24,A,2943
24,A,2944
24,A,2945
24,A,2946
24,A,2947
24,A,2948
24,A,2949
24,A,2950
24,A,2951
24,A,2952
24,A,2953
24,A,2954
24,A,2955
24,A,2956
24,A,2957
24,A,2958
24,A,2959
24,A,2960
24,A,2961
24,A,2962
24,A,2963
24,A,2964
24,A,2965
24,A,2966
24,A,2967
24,A,2968
24,A,2969
24,A,2970
24,A,2971
24,A,2972
24,A,2973
24,A,2974
24,A,2975
24,A,2976
24,A,2977
24,A,2978
24,A,2979
24,A,2980
24,A,2981
24,A,2982
24,A,2983
24,A,2984
24,A,2985
24,A,2986
24,A,2987
24,A,2988
24,A,2989
24,A,2990
24,A,2991
24,A,2992
24,A,2993
24,A,2994
24,A,2995
24,A,2996
24,A,2997
24,A,2998
24,A,2999
24,A,3000
24,A,3001
24,A,3002
24,A,3003
24,A,3004
24,A,3005
24,A,3006
24,A,3007
24,A,3008
24,A,3009
24,A,3010
24,A,3011
24,A,3012
24,A,3013
24,A,3014
24,A,3015
24,A,3016
24,A,3017
24,A,3018
24,A,3019
24,A,3020
24,A,3021
24,A,3022
24,A,3023
24,A,3024
24,A,3025
24,A,3026
24,A,3027
24,A,3028
24,A,3029
24,A,3030
24,A,3031
24,A,3032
24,A,3033
24,A,3034
24,A,3035
24,A,3036
24,A,3037
24,A,3038
24,A,3039
24,A,3040
24,A,3041
24,A,3042
24,A,3043
24,A,3044
24,A,3045
24,A,3046
24,A,3047
24,A,3048
24,A,3049
24,A,3050
24,A,3051
24,A,3052
24,A,3053
24,A,3054
24,A,3055
24,A,3056
24,A,3057
24,A,3058
24,A,3059
24,A,3060
24,A,3061
24,A,3062
24,A,3063
24,A,3064
24,A,3065
24,A,3066
24,A,3067
24,A,3068
24,A,3069
24,A,3070
24,A,3071
24,A,3072
24,A,3073
24,A,3074
24,A,3075
24,A,3076
24,A,3077
24,A,3078
24,A,3079
24,A,3080
24,A,3081
24,A,3082
24,A,3083
24,A,3084
24,A,3085
24,A,3086
24,A,3087
24,A,3088
24,A,3089
24,A,3090
24,A,3091
24,A,3092
24,A,3093
24,A,3094
24,A,3095
24,A,3096
24,A,3097
24,A,3098
24,A,3099
24,A,3100
24,A,3101
24,A,3102
24,A,3103
24,A,3104
24,A,3105
24,A,3106
24,A,3107
24,A,3108
24,A,3109
24,A,3110
24,A,3111
24,A,3112
24,A,3113
24,A,3114
24,A,3115
24,A,3116
24,A,3117
24,A,3118
24,A,3119
24,A,3120
24,A,3121
24,A,3122
24,A,3123
24,A,3124
24,A,3125
24,A,3126
24,A,3127
24,A,3128
24,A,3129
24,A,3130
24,A,3131
24,A,3132
24,A,3133
24,A,3134
24,A,3135
24,A,3136
24,A,3137
24,A,3138
24,A,3139
24,A,3140
24,A,3141
24,A,3142
24,A,3143
24,A,3144
24,A,3145
24,A,3146
24,A,3147
24,A,3148
24,A,3149
24,A,3150
24,A,3151
24,A,3152
24,A,3153
24,A,3154
24,A,3155
24,A,3156
24,A,3157
24,A,3158
24,A,3159
24,A,3160
24,A,3161
24,A,3162
24,A,3163
24,A,3164
24,A,3165
24,A,3166
24,A,3167
24,A,3168
24,A,3169
24,A,3170
24,A,3171
24,A,3172
24,A,3173
24,A,3174
24,A,3175
24,A,3176
24,A,3177
24,A,3178
24,A,3179
24,A,3180
24,A,3181
24,A,3182
24,A,3183
24,A,3184
24,A,3185
24,A,3186
24,A,3187
24,A,3188
24,A,3189
24,A,3190
24,A,3191
24,A,3192
24,A,3193
24,A,3194
24,A,3195
24,A,3196
24,A,3197
24,A,3198
24,A,3199
24,A,3200
24,A,3201
24,A,3202
24,A,3203
24,A,3204
24,A,3205
24,A,3206
24,A,3207
24,A,3208
24,A,3209
24,A,3210
24,A,3211
24,A,3212
24,A,3213
24,A,3214
24,A,3215
24,A,3216
24,A,3217
24,A,3218
24,A,3219
24,A,3220
24,A,3221
24,A,3222
24,A,3223
24,A,3224
24,A,3225
24,A,3226
24,A,3227
24,A,3228
24,A,3229
24,A,3230
24,A,3231
24,A,3232
24,A,3233
24,A,3234
24,A,3235
24,A,3236
24,A,3237
24,A,3238
24,A,3239
24,A,3240
24,A,3241
24,A,3242
24,A,3243
24,A,3244
24,A,3245
24,A,3246
24,A,3247
24,A,3248
24,A,3249
24,A,3250
24,A,3251
24,A,3252
24,A,3253
24,A,3254
24,A,3255
24,A,3256
24,A,3257
24,A,3258
24,A,3259
24,A,3260
24,A,3261
24,A,3262
24,A,3263
24,A,3264
24,A,3265
24,A,3266
24,A,3267
24,A,3268
24,A,3269
24,A,3270
24,A,3271
24,A,3272
24,A,3273
24,A,3274
24,A,3275
24,A,3276
24,A,3277
24,A,3278
24,A,3279
24,A,3280
24,A,3281
24,A,3282
24,A,3283
24,A,3284
24,A,3285
24,A,3286
24,A,3287
24,A,3288
24,A,3289
24,A,3290
24,A,3291
24,A,3292
24,A,3293
24,A,3294
24,A,3295
24,A,3296
24,A,3297
24,A,3298
24,A,3299
24,A,3300
24,A,3301
24,A,3302
24,A,3303
24,A,3304
24,A,3305
24,A,3306
24,A,3307
24,A,3308
24,A,3309
24,A,3310
24,A,3311
24,A,3312
24,A,3313
24,A,3314
24,A,3315
24,A,3316
24,A,3317
24,A,3318
24,A,3319
24,A,3320
24,A,3321
24,A,3322
24,A,3323
24,A,3324
24,A,3325
24,A,3326
24,A,3327
24,A,3328
24,A,3329
24,A,3330
24,A,3331
24,A,3332
24,A,3333
24,A,3334
24,A,3335
24,A,3336
24,A,3337
24,A,3338
24,A,3339
24,A,3340
24,A,3341
24,A,3342
24,A,3343
24,A,3344
24,A,3345
24,A,3346
24,A,3347
24,A,3348
24,A,3349
24,A,3350
24,A,3351
24,A,3352
24,A,3353
24,A,3354
24,A,3355
24,A,3356
24,A,3357
24,A,3358
24,A,3359
24,A,3360
24,A,3361
24,A,3362
24,A,3363
24,A,3364
24,A,3365
24,A,3366
24,A,3367
24,A,3368
24,A,3369
24,A,3370
24,A,3371
24,A,3372
24,A,3373
24,A,3374
24,A,3375
24,A,3376
24,A,3377
24,A,3378
24,A,3379
24,A,3380
24,A,3381
24,A,3382
24,A,3383
24,A,3384
24,A,3385
24,A,3386
24,A,3387
24,A,3388
24,A,3389
24,A,3390
24,A,3391
24,A,3392
24,A,3393
24,A,3394
24,A,3395
24,A,3396
24,A,3397
24,A,3398
24,A,3399
24,A,3400
24,A,3401
24,A,3402
24,A,3403
24,A,3404
24,A,3405
24,A,3406
24,A,3407
24,A,3408
24,A,3409
24,A,3410
24,A,3411
24,A,3412
24,A,3413
24,A,3414
24,A,3415
24,A,3416
24,A,3417
24,A,3418
24,A,3419
24,A,3420
24,A,3421
24,A,3422
24,A,3423
24,A,3424
24,A,3425
24,A,3426
24,A,3427
24,A,3428
24,A,3429
24,A,3430
24,A,3431
24,A,3432
24,A,3433
24,A,3434
24,A,3435
24,A,3436
24,A,3437
24,A,3438
24,A,3439
24,A,3440
24,A,3441
24,A,3442
24,A,3443
24,A,3444
24,A,3445
24,A,3446
24,A,3447
24,A,3448
24,A,3449
24,A,3450
24,A,3451
24,A,3452
24,A,3453
24,A,3454
24,A,3455
24,A,3456
24,A,3457
24,A,3458
24,A,3459
24,A,3460
24,A,3461
24,A,3462
24,A,3463
24,A,3464
24,A,3465
24,A,3466
24,A,3467
24,A,3468
24,A,3469
24,A,3470
24,A,3471
24,A,3472
24,A,3473
24,A,3474
24,A,3475
24,A,3476
24,A,3477
24,A,3478
24,A,3479
24,A,3480
24,A,3481
24,A,3482
24,A,3483
24,A,3484
24,A,3485
24,A,3486
24,A,3487
24,A,3488
24,A,3489
24,A,3490
24,A,3491
24,A,3492
24,A,3493
24,A,3494
24,A,3495
24,A,3496
24,A,3497
24,A,3498
24,A,3499
24,A,3500
24,A,3501
24,A,3502
24,A,3503
24,A,3504
24,A,3505
24,A,3506
24,A,3507
24,A,3508
24,A,3509
24,A,3510
24,A,3511
24,A,3512
24,A,3513
24,A,3514
24,A,3515
24,A,3516
24,A,3517
24,A,3518
24,A,3519
24,A,3520
24,A,3521
24,A,3522
24,A,3523
24,A,3524
24,A,3525
24,A,3526
24,A,3527
24,A,3528
24,A,3529
24,A,3530
24,A,3531
24,A,3532
24,A,3533
24,A,3534
24,A,3535
24,A,3536
24,A,3537
24,A,3538
24,A,3539
24,A,3540
24,A,3541
24,A,3542
24,A,3543
24,A,3544
24,A,3545
24,A,3546
24,A,3547
24,A,3548
24,A,3549
24,A,3550
24,A,3551
24,A,3552
24,A,3553
24,A,3554
24,A,3555
24,A,3556
24,A,3557
24,A,3558
24,A,3559
24,A,3560
24,A,3561
24,A,3562
24,A,3563
24,A,3564
24,A,3565
24,A,3566
24,A,3567
24,A,3568
24,A,3569
24,A,3570
24,A,3571
24,A,3572
24,A,3573
24,A,3574
24,A,3575
24,A,3576
24,A,3577
24,A,3578
24,A,3579
24,A,3580
24,A,3581
24,A,3582
24,A,3583
24,A,3584
24,A,3585
24,A,3586
24,A,3587
24,A,3588
24,A,3589
24,A,3590
24,A,3591
24,A,3592
24,A,3593
24,A,3594
24,A,3595
24,A,3596
24,A,3597
24,A,3598
24,A,3599
24,A,3600
24,A,3601
24,A,3602
24,A,3603
24,A,3604
24,A,3605
24,A,3606
24,A,3607
24,A,3608
24,A,3609
24,A,3610
24,A,3611
24,A,3612
24,A,3613
24,A,3614
24,A,3615
24,A,3616
24,A,3617
24,A,3618
24,A,3619
24,A,3620
24,A,3621
24,A,3622
24,A,3623
24,A,3624
24,A,3625
24,A,3626
24,A,3627
24,A,3628
24,A,3629
24,A,3630
24,A,3631
24,A,3632
24,A,3633
24,A,3634
24,A,3635
24,A,3636
24,A,3637
24,A,3638
24,A,3639
24,A,3640
24,A,3641
24,A,3642
24,A,3643
24,A,3644
24,A,3645
24,A,3646
24,A,3647
24,A,3648
24,A,3649
24,A,3650
24,A,3651
24,A,3652
24,A,3653
24,A,3654
24,A,3655
24,A,3656
24,A,3657
24,A,3658
24,A,3659
24,A,3660
24,A,3661
24,A,3662
24,A,3663
24,A,3664
24,A,3665
24,A,3666
24,A,3667
24,A,3668
24,A,3669
24,A,3670
24,A,3671
24,A,3672
24,A,3673
24,A,3674
24,A,3675
24,A,3676
24,A,3677
24,A,3678
24,A,3679
24,A,3680
24,A,3681
24,A,3682
24,A,3683
24,A,3684
24,A,3685
24,A,3686
24,A,3687
24,A,3688
24,A,3689
24,A,3690
24,A,3691
24,A,3692
24,A,3693
24,A,3694
24,A,3695
24,A,3696
24,A,3697
24,A,3698
24,A,3699
24,A,3700
24,A,3701
24,A,3702
24,A,3703
24,A,3704
24,A,3705
24,A,3706
24,A,3707
24,A,3708
24,A,3709
24,A,3710
24,A,3711
24,A,3712
24,A,3713
24,A,3714
24,A,3715
24,A,3716
24,A,3717
24,A,3718
24,A,3719
24,A,3720
24,A,3721
24,A,3722
24,A,3723
24,A,3724
24,A,3725
24,A,3726
24,A,3727
24,A,3728
24,A,3729
24,A,3730
24,A,3731
24,A,3732
24,A,3733
24,A,3734
24,A,3735
24,A,3736
24,A,3737
24,A,3738
24,A,3739
24,A,3740
24,A,3741
24,A,3742
24,A,3743
24,A,3744
24,A,3745
24,A,3746
24,A,3747
24,A,3748
24,A,3749
24,A,3750
24,A,3751
24,A,3752
24,A,3753
24,A,3754
24,A,3755
24,A,3756
24,A,3757
24,A,3758
24,A,3759
24,A,3760
24,A,3761
24,A,3762
24,A,3763
24,A,3764
24,A,3765
24,A,3766
24,A,3767
24,A,3768
24,A,3769
24,A,3770
24,A,3771
24,A,3772
24,A,3773
24,A,3774
24,A,3775
24,A,3776
24,A,3777
24,A,3778
24,A,3779
24,A,3780
24,A,3781
24,A,3782
24,A,3783
24,A,3784
24,A,3785
24,A,3786
24,A,3787
24,A,3788
24,A,3789
24,A,3790
24,A,3791
24,A,3792
24,A,3793
24,A,3794
24,A,3795
24,A,3796
24,A,3797
24,A,3798
24,A,3799
24,A,3800
24,A,3801
24,A,3802
24,A,3803
24,A,3804
24,A,3805
24,A,3806
24,A,3807
24,A,3808
24,A,3809
24,A,3810
24,A,3811
24,A,3812
24,A,3813
24,A,3814
24,A,3815
24,A,3816
24,A,3817
24,A,3818
24,A,3819
24,A,3820
24,A,3821
24,A,3822
24,A,3823
24,A,3824
24,A,3825
24,A,3826
24,A,3827
24,A,3828
24,A,3829
24,A,3830
24,A,3831
24,A,3832
24,A,3833
24,A,3834
24,A,3835
24,A,3836
24,A,3837
24,A,3838
24,A,3839
24,A,3840
24,A,3841
24,A,3842
24,A,3843
24,A,3844
24,A,3845
24,A,3846
24,A,3847
24,A,3848
24,A,3849
24,A,3850
24,A,3851
24,A,3852
24,A,3853
24,A,3854
24,A,3855
24,A,3856
24,A,3857
24,A,3858
24,A,3859
24,A,3860
24,A,3861
24,A,3862
24,A,3863
24,A,3864
24,A,3865
24,A,3866
24,A,3867
24,A,3868
24,A,3869
24,A,3870
24,A,3871
24,A,3872
24,A,3873
24,A,3874
24,A,3875
24,A,3876
24,A,3877
24,A,3878
24,A,3879
24,A,3880
24,A,3881
24,A,3882
24,A,3883
24,A,3884
24,A,3885
24,A,3886
24,A,3887
24,A,3888
24,A,3889
24,A,3890
24,A,3891
24,A,3892
24,A,3893
24,A,3894
24,A,3895
24,A,3896
24,A,3897
24,A,3898
24,A,3899
24,A,3900
24,A,3901
24,A,3902
24,A,3903
24,A,3904
24,A,3905
24,A,3906
24,A,3907
24,A,3908
24,A,3909
24,A,3910
24,A,3911
24,A,3912
24,A,3913
24,A,3914
24,A,3915
24,A,3916
24,A,3917
24,A,3918
24,A,3919
24,A,3920
24,A,3921
24,A,3922
24,A,3923
24,A,3924
24,A,3925
24,A,3926
24,A,3927
24,A,3928
24,A,3929
24,A,3930
24,A,3931
24,A,3932
24,A,3933
24,A,3934
24,A,3935
24,A,3936
24,A,3937
24,A,3938
24,A,3939
24,A,3940
24,A,3941
24,A,3942
24,A,3943
24,A,3944
24,A,3945
24,A,3946
24,A,3947
24,A,3948
24,A,3949
24,A,3950
24,A,3951
24,A,3952
24,A,3953
24,A,3954
24,A,3955
24,A,3956
24,A,3957
24,A,3958
24,A,3959
24,A,3960
24,A,3961
24,A,3962
24,A,3963
24,A,3964
24,A,3965
24,A,3966
24,A,3967
24,A,3968
24,A,3969
24,A,3970
24,A,3971
24,A,3972
24,A,3973
24,A,3974
24,A,3975
24,A,3976
24,A,3977
24,A,3978
24,A,3979
24,A,3980
24,A,3981
24,A,3982
24,A,3983
24,A,3984
24,A,3985
24,A,3986
24,A,3987
24,A,3988
24,A,3989
24,A,3990
24,A,3991
24,A,3992
24,A,3993
24,A,3994
24,A,3995
24,A,3996
24,A,3997
24,A,3998
24,A,3999
24,A,4000
24,A,4001
24,A,4002
24,A,4003
24,A,4004
24,A,4005
24,A,4006
24,A,4007
24,A,4008
24,A,4009
24,A,4010
24,A,4011
24,A,4012
24,A,4013
24,A,4014
24,A,4015
24,A,4016
24,A,4017
24,A,4018
24,A,4019
24,A,4020
24,A,4021
24,A,4022
24,A,4023
24,A,4024
24,A,4025
24,A,4026
24,A,4027
24,A,4028
24,A,4029
24,A,4030
24,A,4031
24,A,4032
24,A,4033
24,A,4034
24,A,4035
24,A,4036
24,A,4037
24,A,4038
24,A,4039
24,A,4040
24,A,4041
24,A,4042
24,A,4043
24,A,4044
24,A,4045
24,A,4046
24,A,4047
24,A,4048
24,A,4049
24,A,4050
24,A,4051
24,A,4052
24,A,4053
24,A,4054
24,A,4055
24,A,4056
24,A,4057
24,A,4058
24,A,4059
24,A,4060
24,A,4061
24,A,4062
24,A,4063
24,A,4064
24,A,4065
24,A,4066
24,A,4067
24,A,4068
24,A,4069
24,A,4070
24,A,4071
24,A,4072
24,A,4073
24,A,4074
24,A,4075
24,A,4076
24,A,4077
24,A,4078
24,A,4079
24,A,4080
24,A,4081
24,A,4082
24,A,4083
24,A,4084
24,A,4085
24,A,4086
24,A,4087
24,A,4088
24,A,4089
24,A,4090
24,A,4091
24,A,4092
24,A,4093
24,A,4094
24,A,4095
24,A,4096
24,A,4097
24,A,4098
24,A,4099
24,A,4100
24,A,4101
24,A,4102
24,A,4103
24,A,4104
24,A,4105
24,A,4106
24,A,4107
24,A,4108
24,A,4109
24,A,4110
24,A,4111
24,A,4112
24,A,4113
24,A,4114
24,A,4115
24,A,4116
24,A,4117
24,A,4118
24,A,4119
24,A,4120
24,A,4121
24,A,4122
24,A,4123
24,A,4124
24,A,4125
24,A,4126
24,A,4127
24,A,4128
24,A,4129
24,A,4130
24,A,4131
24,A,4132
24,A,4133
24,A,4134
24,A,4135
24,A,4136
24,A,4137
24,A,4138
24,A,4139
24,A,4140
24,A,4141
24,A,4142
24,A,4143
24,A,4144
24,A,4145
24,A,4146
24,A,4147
24,A,4148
24,A,4149
24,A,4150
24,A,4151
24,A,4152
24,A,4153
24,A,4154
24,A,4155
24,A,4156
24,A,4157
24,A,4158
24,A,4159
24,A,4160
24,A,4161
24,A,4162
24,A,4163
24,A,4164
24,A,4165
24,A,4166
24,A,4167
24,A,4168
24,A,4169
24,A,4170
24,A,4171
24,A,4172
24,A,4173
24,A,4174
24,A,4175
24,A,4176
24,A,4177
24,A,4178
24,A,4179
24,A,4180
24,A,4181
24,A,4182
24,A,4183
24,A,4184
24,A,4185
24,A,4186
24,A,4187
24,A,4188
24,A,4189
24,A,4190
24,A,4191
24,A,4192
24,A,4193
24,A,4194
24,A,4195
24,A,4196
24,A,4197
24,A,4198
24,A,4199
24,A,4200
24,A,4201
24,A,4202
24,A,4203
24,A,4204
24,A,4205
24,A,4206
24,A,4207
24,A,4208
24,A,4209
24,A,4210
24,A,4211
24,A,4212
24,A,4213
24,A,4214
24,A,4215
24,A,4216
24,A,4217
24,A,4218
24,A,4219
24,A,4220
24,A,4221
24,A,4222
24,A,4223
24,A,4224
24,A,4225
24,A,4226
24,A,4227
24,A,4228
24,A,4229
24,A,4230
24,A,4231
24,A,4232
24,A,4233
24,A,4234
24,A,4235
24,A,4236
24,A,4237
24,A,4238
24,A,4239
24,A,4240
24,A,4241
24,A,4242
24,A,4243
24,A,4244
24,A,4245
24,A,4246
24,A,4247
24,A,4248
24,A,4249
24,A,4250
24,A,4251
24,A,4252
24,A,4253
24,A,4254
24,A,4255
24,A,4256
24,A,4257
24,A,4258
24,A,4259
24,A,4260
24,A,4261
24,A,4262
24,A,4263
24,A,4264
24,A,4265
24,A,4266
24,A,4267
24,A,4268
24,A,4269
24,A,4270
24,A,4271
24,A,4272
24,A,4273
24,A,4274
24,A,4275
24,A,4276
24,A,4277
24,A,4278
24,A,4279
24,A,4280
24,A,4281
24,A,4282
24,A,4283
24,A,4284
24,A,4285
24,A,4286
24,A,4287
24,A,4288
24,A,4289
24,A,4290
24,A,4291
24,A,4292
24,A,4293
24,A,4294
24,A,4295
24,A,4296
24,A,4297
24,A,4298
24,A,4299
24,A,4300
24,A,4301
24,A,4302
24,A,4303
24,A,4304
24,A,4305
24,A,4306
24,A,4307
24,A,4308
24,A,4309
24,A,4310
24,A,4311
24,A,4312
24,A,4313
24,A,4314
24,A,4315
24,A,4316
24,A,4317
24,A,4318
24,A,4319
24,A,4320
24,A,4321
24,A,4322
24,A,4323
24,A,4324
24,A,4325
24,A,4326
24,A,4327
24,A,4328
24,A,4329
24,A,4330
24,A,4331
24,A,4332
24,A,4333
24,A,4334
24,A,4335
24,A,4336
24,A,4337
24,A,4338
24,A,4339
24,A,4340
24,A,4341
24,A,4342
24,A,4343
24,A,4344
24,A,4345
24,A,4346
24,A,4347
24,A,4348
24,A,4349
24,A,4350
24,A,4351
24,A,4352
24,A,4353
24,A,4354
24,A,4355
24,A,4356
24,A,4357
24,A,4358
24,A,4359
24,A,4360
24,A,4361
24,A,4362
24,A,4363
24,A,4364
24,A,4365
24,A,4366
24,A,4367
24,A,4368
24,A,4369
24,A,4370
24,A,4371
24,A,4372
24,A,4373
24,A,4374
24,A,4375
24,A,4376
24,A,4377
24,A,4378
24,A,4379
24,A,4380
24,A,4381
24,A,4382
24,A,4383
24,A,4384
24,A,4385
24,A,4386
24,A,4387
24,A,4388
24,A,4389
24,A,4390
24,A,4391
24,A,4392
24,A,4393
24,A,4394
24,A,4395
24,A,4396
24,A,4397
24,A,4398
24,A,4399
24,A,4400
24,A,4401
24,A,4402
24,A,4403
24,A,4404
24,A,4405
24,A,4406
24,A,4407
24,A,4408
24,A,4409
24,A,4410
24,A,4411
24,A,4412
24,A,4413
24,A,4414
24,A,4415
24,A,4416
24,A,4417
24,A,4418
24,A,4419
24,A,4420
24,A,4421
24,A,4422
24,A,4423
24,A,4424
24,A,4425
24,A,4426
24,A,4427
24,A,4428
24,A,4429
24,A,4430
24,A,4431
24,A,4432
24,A,4433
24,A,4434
24,A,4435
24,A,4436
24,A,4437
24,A,4438
24,A,4439
24,A,4440
24,A,4441
24,A,4442
24,A,4443
24,A,4444
24,A,4445
24,A,4446
24,A,4447
24,A,4448
24,A,4449
24,A,4450
24,A,4451
24,A,4452
24,A,4453
24,A,4454
24,A,4455
24,A,4456
24,A,4457
24,A,4458
24,A,4459
24,A,4460
24,A,4461
24,A,4462
24,A,4463
24,A,4464
24,A,4465
24,A,4466
24,A,4467
24,A,4468
24,A,4469
24,A,4470
24,A,4471
24,A,4472
24,A,4473
24,A,4474
24,A,4475
24,A,4476
24,A,4477
24,A,4478
24,A,4479
24,A,4480
24,A,4481
24,A,4482
24,A,4483
24,A,4484
24,A,4485
24,A,4486
24,A,4487
24,A,4488
24,A,4489
24,A,4490
24,A,4491
24,A,4492
24,A,4493
24,A,4494
24,A,4495
24,A,4496
24,A,4497
24,A,4498
24,A,4499
24,A,4500
24,A,4501
24,A,4502
24,A,4503
24,A,4504
24,A,4505
24,A,4506
24,A,4507
24,A,4508
24,A,4509
24,A,4510
24,A,4511
24,A,4512
24,A,4513
24,A,4514
24,A,4515
24,A,4516
24,A,4517
24,A,4518
24,A,4519
24,A,4520
24,A,4521
24,A,4522
24,A,4523
24,A,4524
24,A,4525
24,A,4526
24,A,4527
24,A,4528
24,A,4529
24,A,4530
24,A,4531
24,A,4532
24,A,4533
24,A,4534
24,A,4535
24,A,4536
24,A,4537
24,A,4538
24,A,4539
24,A,4540
24,A,4541
24,A,4542
24,A,4543
24,A,4544
24,A,4545
24,A,4546
24,A,4547
24,A,4548
24,A,4549
24,A,4550
24,A,4551
24,A,4552
24,A,4553
24,A,4554
24,A,4555
24,A,4556
24,A,4557
24,A,4558
24,A,4559
24,A,4560
24,A,4561
24,A,4562
24,A,4563
24,A,4564
24,A,4565
24,A,4566
24,A,4567
24,A,4568
24,A,4569
24,A,4570
24,A,4571
24,A,4572
24,A,4573
24,A,4574
24,A,4575
24,A,4576
24,A,4577
24,A,4578
24,A,4579
24,A,4580
24,A,4581
24,A,4582
24,A,4583
24,A,4584
24,A,4585
24,A,4586
24,A,4587
24,A,4588
24,A,4589
24,A,4590
24,A,4591
24,A,4592
24,A,4593
24,A,4594
24,A,4595
24,A,4596
24,A,4597
24,A,4598
24,A,4599
24,A,4600
24,A,4601
24,A,4602
24,A,4603
24,A,4604
24,A,4605
24,A,4606
24,A,4607
24,A,4608
24,A,4609
24,A,4610
24,A,4611
24,A,4612
24,A,4613
24,A,4614
24,A,4615
24,A,4616
24,A,4617
24,A,4618
24,A,4619
24,A,4620
24,A,4621
24,A,4622
24,A,4623
24,A,4624
24,A,4625
24,A,4626
24,A,4627
24,A,4628
24,A,4629
24,A,4630
24,A,4631
24,A,4632
24,A,4633
24,A,4634
24,A,4635
24,A,4636
24,A,4637
24,A,4638
24,A,4639
24,A,4640
24,A,4641
24,A,4642
24,A,4643
24,A,4644
24,A,4645
24,A,4646
24,A,4647
24,A,4648
24,A,4649
24,A,4650
24,A,4651
24,A,4652
24,A,4653
24,A,4654
24,A,4655
24,A,4656
24,A,4657
24,A,4658
24,A,4659
24,A,4660
24,A,4661
24,A,4662
24,A,4663
24,A,4664
24,A,4665
24,A,4666
24,A,4667
24,A,4668
24,A,4669
24,A,4670
24,A,4671
24,A,4672
24,A,4673
24,A,4674
24,A,4675
24,A,4676
24,A,4677
24,A,4678
24,A,4679
24,A,4680
24,A,4681
24,A,4682
24,A,4683
24,A,4684
24,A,4685
24,A,4686
24,A,4687
24,A,4688
24,A,4689
24,A,4690
24,A,4691
24,A,4692
24,A,4693
24,A,4694
24,A,4695
24,A,4696
24,A,4697
24,A,4698
24,A,4699
24,A,4700
24,A,4701
24,A,4702
24,A,4703
24,A,4704
24,A,4705
24,A,4706
24,A,4707
24,A,4708
24,A,4709
24,A,4710
24,A,4711
24,A,4712
24,A,4713
24,A,4714
24,A,4715
24,A,4716
24,A,4717
24,A,4718
24,A,4719
24,A,4720
24,A,4721
24,A,4722
24,A,4723
24,A,4724
24,A,4725
24,A,4726
24,A,4727
24,A,4728
24,A,4729
24,A,4730
24,A,4731
24,A,4732
24,A,4733
24,A,4734
24,A,4735
24,A,4736
24,A,4737
24,A,4738
24,A,4739
24,A,4740
24,A,4741
24,A,4742
24,A,4743
24,A,4744
24,A,4745
24,A,4746
24,A,4747
24,A,4748
24,A,4749
24,A,4750
24,A,4751
24,A,4752
24,A,4753
24,A,4754
24,A,4755
24,A,4756
24,A,4757
24,A,4758
24,A,4759
24,A,4760
24,A,4761
24,A,4762
24,A,4763
24,A,4764
24,A,4765
24,A,4766
24,A,4767
24,A,4768
24,A,4769
24,A,4770
24,A,4771
24,A,4772
24,A,4773
24,A,4774
24,A,4775
24,A,4776
24,A,4777
24,A,4778
24,A,4779
24,A,4780
24,A,4781
24,A,4782
24,A,4783
24,A,4784
24,A,4785
24,A,4786
24,A,4787
24,A,4788
24,A,4789
24,A,4790
24,A,4791
24,A,4792
24,A,4793
24,A,4794
24,A,4795
24,A,4796
24,A,4797
24,A,4798
24,A,4799
24,A,4800
24,A,4801
24,A,4802
24,A,4803
24,A,4804
24,A,4805
24,A,4806
24,A,4807
24,A,4808
24,A,4809
24,A,4810
24,A,4811
24,A,4812
24,A,4813
24,A,4814
24,A,4815
24,A,4816
24,A,4817
24,A,4818
24,A,4819
24,A,4820
24,A,4821
24,A,4822
24,A,4823
24,A,4824
24,A,4825
24,A,4826
24,A,4827
24,A,4828
24,A,4829
24,A,4830
24,A,4831
24,A,4832
24,A,4833
24,A,4834
24,A,4835
24,A,4836
24,A,4837
24,A,4838
24,A,4839
24,A,4840
24,A,4841
24,A,4842
24,A,4843
24,A,4844
24,A,4845
24,A,4846
24,A,4847
24,A,4848
24,A,4849
24,A,4850
24,A,4851
24,A,4852
24,A,4853
24,A,4854
24,A,4855
24,A,4856
24,A,4857
24,A,4858
24,A,4859
24,A,4860
24,A,4861
24,A,4862
24,A,4863
24,A,4864
24,A,4865
24,A,4866
24,A,4867
24,A,4868
24,A,4869
24,A,4870
24,A,4871
24,A,4872
24,A,4873
24,A,4874
24,A,4875
24,A,4876
24,A,4877
24,A,4878
24,A,4879
24,A,4880
24,A,4881
24,A,4882
24,A,4883
24,A,4884
24,A,4885
24,A,4886
24,A,4887
24,A,4888
24,A,4889
24,A,4890
24,A,4891
24,A,4892
24,A,4893
24,A,4894
24,A,4895
24,A,4896
24,A,4897
24,A,4898
24,A,4899
24,A,4900
24,A,4901
24,A,4902
24,A,4903
24,A,4904
24,A,4905
24,A,4906
24,A,4907
24,A,4908
24,A,4909
24,A,4910
24,A,4911
24,A,4912
24,A,4913
24,A,4914
24,A,4915
24,A,4916
24,A,4917
24,A,4918
24,A,4919
24,A,4920
24,A,4921
24,A,4922
24,A,4923
24,A,4924
24,A,4925
24,A,4926
24,A,4927
24,A,4928
24,A,4929
24,A,4930
24,A,4931
24,A,4932
24,A,4933
24,A,4934
24,A,4935
24,A,4936
24,A,4937
24,A,4938
24,A,4939
24,A,4940
24,A,4941
24,A,4942
24,A,4943
24,A,4944
24,A,4945
24,A,4946
24,A,4947
24,A,4948
24,A,4949
24,A,4950
24,A,4951
24,A,4952
24,A,4953
24,A,4954
24,A,4955
24,A,4956
24,A,4957
24,A,4958
24,A,4959
24,A,4960
24,A,4961
24,A,4962
24,A,4963
24,A,4964
24,A,4965
24,A,4966
24,A,4967
24,A,4968
24,A,4969
24,A,4970
24,A,4971
24,A,4972
24,A,4973
24,A,4974
24,A,4975
24,A,4976
24,A,4977
24,A,4978
24,A,4979
24,A,4980
24,A,4981
24,A,4982
24,A,4983
24,A,4984
24,A,4985
24,A,4986
24,A,4987
24,A,4988
24,A,4989
24,A,4990
24,A,4991
24,A,4992
24,A,4993
24,A,4994
24,A,4995
24,A,4996
24,A,4997
24,A,4998
24,A,4999
24,A,5000
24,A,5001
24,A,5002
24,A,5003
24,A,5004
24,A,5005
24,A,5006
24,A,5007
24,A,5008
24,A,5009
24,A,5010
24,A,5011
24,A,5012
24,A,5013
24,A,5014
24,A,5015
24,A,5016
24,A,5017
24,A,5018
24,A,5019
24,A,5020
24,A,5021
24,A,5022
24,A,5023
24,A,5024
24,A,5025
24,A,5026
24,A,5027
24,A,5028
24,A,5029
24,A,5030
24,A,5031
24,A,5032
24,A,5033
24,A,5034
24,A,5035
24,A,5036
24,A,5037
24,A,5038
24,A,5039
24,A,5040
24,A,5041
24,A,5042
24,A,5043
24,A,5044
24,A,5045
24,A,5046
24,A,5047
24,A,5048
24,A,5049
24,A,5050
24,A,5051
24,A,5052
24,A,5053
24,A,5054
24,A,5055
24,A,5056
24,A,5057
24,A,5058
24,A,5059
24,A,5060
24,A,5061
24,A,5062
24,A,5063
24,A,5064
24,A,5065
24,A,5066
24,A,5067
24,A,5068
24,A,5069
24,A,5070
24,A,5071
24,A,5072
24,A,5073
24,A,5074
24,A,5075
24,A,5076
24,A,5077
24,A,5078
24,A,5079
24,A,5080
24,A,5081
24,A,5082
24,A,5083
24,A,5084
24,A,5085
24,A,5086
24,A,5087
24,A,5088
24,A,5089
24,A,5090
24,A,5091
24,A,5092
24,A,5093
24,A,5094
24,A,5095
24,A,5096
24,A,5097
24,A,5098
24,A,5099
24,A,5100
24,A,5101
24,A,5102
24,A,5103
24,A,5104
24,A,5105
24,A,5106
24,A,5107
24,A,5108
24,A,5109
24,A,5110
24,A,5111
24,A,5112
24,A,5113
24,A,5114
24,A,5115
24,A,5116
24,A,5117
24,A,5118
24,A,5119
24,A,5120
24,A,5121
24,A,5122
24,A,5123
24,A,5124
24,A,5125
24,A,5126
24,A,5127
24,A,5128
24,A,5129
24,A,5130
24,A,5131
24,A,5132
24,A,5133
24,A,5134
24,A,5135
24,A,5136
24,A,5137
24,A,5138
24,A,5139
24,A,5140
24,A,5141
24,A,5142
24,A,5143
24,A,5144
24,A,5145
24,A,5146
24,A,5147
24,A,5148
24,A,5149
24,A,5150
24,A,5151
24,A,5152
24,A,5153
24,A,5154
24,A,5155
24,A,5156
24,A,5157
24,A,5158
24,A,5159
24,A,5160
24,A,5161
24,A,5162
24,A,5163
24,A,5164
24,A,5165
24,A,5166
24,A,5167
24,A,5168
24,A,5169
24,A,5170
24,A,5171
24,A,5172
24,A,5173
24,A,5174
24,A,5175
24,A,5176
24,A,5177
24,A,5178
24,A,5179
24,A,5180
24,A,5181
24,A,5182
24,A,5183
24,A,5184
24,A,5185
24,A,5186
24,A,5187
24,A,5188
24,A,5189
24,A,5190
24,A,5191
24,A,5192
24,A,5193
24,A,5194
24,A,5195
24,A,5196
24,A,5197
24,A,5198
24,A,5199
24,A,5200
24,A,5201
24,A,5202
24,A,5203
24,A,5204
24,A,5205
24,A,5206
24,A,5207
24,A,5208
24,A,5209
24,A,5210
24,A,5211
24,A,5212
24,A,5213
24,A,5214
24,A,5215
24,A,5216
24,A,5217
24,A,5218
24,A,5219
24,A,5220
24,A,5221
24,A,5222
24,A,5223
24,A,5224
24,A,5225
24,A,5226
24,A,5227
24,A,5228
24,A,5229
24,A,5230
24,A,5231
24,A,5232
24,A,5233
24,A,5234
24,A,5235
24,A,5236
24,A,5237
24,A,5238
24,A,5239
24,A,5240
24,A,5241
24,A,5242
24,A,5243
24,A,5244
24,A,5245
24,A,5246
24,A,5247
24,A,5248
24,A,5249
24,A,5250
24,A,5251
24,A,5252
24,A,5253
24,A,5254
24,A,5255
24,A,5256
24,A,5257
24,A,5258
24,A,5259
24,A,5260
24,A,5261
24,A,5262
24,A,5263
24,A,5264
24,A,5265
24,A,5266
24,A,5267
24,A,5268
24,A,5269
24,A,5270
24,A,5271
24,A,5272
24,A,5273
24,A,5274
24,A,5275
24,A,5276
24,A,5277
24,A,5278
24,A,5279
24,A,5280
24,A,5281
24,A,5282
24,A,5283
24,A,5284
24,A,5285
24,A,5286
24,A,5287
24,A,5288
24,A,5289
24,A,5290
24,A,5291
24,A,5292
24,A,5293
24,A,5294
24,A,5295
24,A,5296
24,A,5297
24,A,5298
24,A,5299
24,A,5300
24,A,5301
24,A,5302
24,A,5303
24,A,5304
24,A,5305
24,A,5306
24,A,5307
24,A,5308
24,A,5309
24,A,5310
24,A,5311
24,A,5312
24,A,5313
24,A,5314
24,A,5315
24,A,5316
24,A,5317
24,A,5318
24,A,5319
24,A,5320
24,A,5321
24,A,5322
24,A,5323
24,A,5324
24,A,5325
24,A,5326
24,A,5327
24,A,5328
24,A,5329
24,A,5330
24,A,5331
24,A,5332
24,A,5333
24,A,5334
24,A,5335
24,A,5336
24,A,5337
24,A,5338
24,A,5339
24,A,5340
24,A,5341
24,A,5342
24,A,5343
24,A,5344
24,A,5345
24,A,5346
24,A,5347
24,A,5348
24,A,5349
24,A,5350
24,A,5351
24,A,5352
24,A,5353
24,A,5354
24,A,5355
24,A,5356
24,A,5357
24,A,5358
24,A,5359
24,A,5360
24,A,5361
24,A,5362
24,A,5363
24,A,5364
24,A,5365
24,A,5366
24,A,5367
24,A,5368
24,A,5369
24,A,5370
24,A,5371
24,A,5372
24,A,5373
24,A,5374
24,A,5375
24,A,5376
24,A,5377
24,A,5378
24,A,5379
24,A,5380
24,A,5381
24,A,5382
24,A,5383
24,A,5384
24,A,5385
24,A,5386
24,A,5387
24,A,5388
24,A,5389
24,A,5390
24,A,5391
24,A,5392
24,A,5393
24,A,5394
24,A,5395
24,A,5396
24,A,5397
24,A,5398
24,A,5399
24,A,5400
24,A,5401
24,A,5402
24,A,5403
24,A,5404
24,A,5405
24,A,5406
24,A,5407
24,A,5408
24,A,5409
24,A,5410
24,A,5411
24,A,5412
24,A,5413
24,A,5414
24,A,5415
24,A,5416
24,A,5417
24,A,5418
24,A,5419
24,A,5420
24,A,5421
24,A,5422
24,A,5423
24,A,5424
24,A,5425
24,A,5426
24,A,5427
24,A,5428
24,A,5429
24,A,5430
24,A,5431
24,A,5432
24,A,5433
24,A,5434
24,A,5435
24,A,5436
24,A,5437
24,A,5438
24,A,5439
24,A,5440
24,A,5441
24,A,5442
24,A,5443
24,A,5444
24,A,5445
24,A,5446
24,A,5447
24,A,5448
24,A,5449
24,A,5450
24,A,5451
24,A,5452
24,A,5453
24,A,5454
24,A,5455
24,A,5456
24,A,5457
24,A,5458
24,A,5459
24,A,5460
24,A,5461
24,A,5462
24,A,5463
24,A,5464
24,A,5465
24,A,5466
24,A,5467
24,A,5468
24,A,5469
24,A,5470
24,A,5471
24,A,5472
24,A,5473
24,A,5474
24,A,5475
24,A,5476
24,A,5477
24,A,5478
24,A,5479
24,A,5480
24,A,5481
24,A,5482
24,A,5483
24,A,5484
24,A,5485
24,A,5486
24,A,5487
24,A,5488
24,A,5489
24,A,5490
24,A,5491
24,A,5492
24,A,5493
24,A,5494
24,A,5495
24,A,5496
24,A,5497
24,A,5498
24,A,5499
24,A,5500
24,A,5501
24,A,5502
24,A,5503
24,A,5504
24,A,5505
24,A,5506
24,A,5507
24,A,5508
24,A,5509
24,A,5510
24,A,5511
24,A,5512
24,A,5513
24,A,5514
24,A,5515
24,A,5516
24,A,5517
24,A,5518
24,A,5519
24,A,5520
24,A,5521
24,A,5522
24,A,5523
24,A,5524
24,A,5525
24,A,5526
24,A,5527
24,A,5528
24,A,5529
24,A,5530
24,A,5531
24,A,5532
24,A,5533
24,A,5534
24,A,5535
24,A,5536
24,A,5537
24,A,5538
24,A,5539
24,A,5540
24,A,5541
24,A,5542
24,A,5543
24,A,5544
24,A,5545
24,A,5546
24,A,5547
24,A,5548
24,A,5549
24,A,5550
24,A,5551
24,A,5552
24,A,5553
24,A,5554
24,A,5555
24,A,5556
24,A,5557
24,A,5558
24,A,5559
24,A,5560
24,A,5561
24,A,5562
24,A,5563
24,A,5564
24,A,5565
24,A,5566
24,A,5567
24,A,5568
24,A,5569
24,A,5570
24,A,5571
24,A,5572
24,A,5573
24,A,5574
24,A,5575
24,A,5576
24,A,5577
24,A,5578
24,A,5579
24,A,5580
24,A,5581
24,A,5582
24,A,5583
24,A,5584
24,A,5585
24,A,5586
24,A,5587
24,A,5588
24,A,5589
24,A,5590
24,A,5591
24,A,5592
24,A,5593
24,A,5594
24,A,5595
24,A,5596
24,A,5597
24,A,5598
24,A,5599
24,A,5600
24,A,5601
24,A,5602
24,A,5603
24,A,5604
24,A,5605
24,A,5606
24,A,5607
24,A,5608
24,A,5609
24,A,5610
24,A,5611
24,A,5612
24,A,5613
24,A,5614
24,A,5615
24,A,5616
24,A,5617
24,A,5618
24,A,5619
24,A,5620
24,A,5621
24,A,5622
24,A,5623
24,A,5624
24,A,5625
24,A,5626
24,A,5627
24,A,5628
24,A,5629
24,A,5630
24,A,5631
24,A,5632
24,A,5633
24,A,5634
24,A,5635
24,A,5636
24,A,5637
24,A,5638
24,A,5639
24,A,5640
24,A,5641
24,A,5642
24,A,5643
24,A,5644
24,A,5645
24,A,5646
24,A,5647
24,A,5648
24,A,5649
24,A,5650
24,A,5651
24,A,5652
24,A,5653
24,A,5654
24,A,5655
24,A,5656
24,A,5657
24,A,5658
24,A,5659
24,A,5660
24,A,5661
24,A,5662
24,A,5663
24,A,5664
24,A,5665
24,A,5666
24,A,5667
24,A,5668
24,A,5669
24,A,5670
24,A,5671
24,A,5672
24,A,5673
24,A,5674
24,A,5675
24,A,5676
24,A,5677
24,A,5678
24,A,5679
24,A,5680
24,A,5681
24,A,5682
24,A,5683
24,A,5684
24,A,5685
24,A,5686
24,A,5687
24,A,5688
24,A,5689
24,A,5690
24,A,5691
24,A,5692
24,A,5693
24,A,5694
24,A,5695
24,A,5696
24,A,5697
24,A,5698
24,A,5699
24,A,5700
24,A,5701
24,A,5702
24,A,5703
24,A,5704
24,A,5705
24,A,5706
24,A,5707
24,A,5708
24,A,5709
24,A,5710
24,A,5711
24,A,5712
24,A,5713
24,A,5714
24,A,5715
24,A,5716
24,A,5717
24,A,5718
24,A,5719
24,A,5720
24,A,5721
24,A,5722
24,A,5723
24,A,5724
24,A,5725
24,A,5726
24,A,5727
24,A,5728
24,A,5729
24,A,5730
24,A,5731
24,A,5732
24,A,5733
24,A,5734
24,A,5735
24,A,5736
24,A,5737
24,A,5738
24,A,5739
24,A,5740
24,A,5741
24,A,5742
24,A,5743
24,A,5744
24,A,5745
24,A,5746
24,A,5747
24,A,5748
24,A,5749
24,A,5750
24,A,5751
24,A,5752
24,A,5753
24,A,5754
24,A,5755
24,A,5756
24,A,5757
24,A,5758
24,A,5759
24,A,5760
24,A,5761
24,A,5762
24,A,5763
24,A,5764
24,A,5765
24,A,5766
24,A,5767
24,A,5768
24,A,5769
24,A,5770
24,A,5771
24,A,5772
24,A,5773
24,A,5774
24,A,5775
24,A,5776
24,A,5777
24,A,5778
24,A,5779
24,A,5780
24,A,5781
24,A,5782
24,A,5783
24,A,5784
24,A,5785
24,A,5786
24,A,5787
24,A,5788
24,A,5789
24,A,5790
24,A,5791
24,A,5792
24,A,5793
24,A,5794
24,A,5795
24,A,5796
24,A,5797
24,A,5798
24,A,5799
24,A,5800
24,A,5801
24,A,5802
24,A,5803
24,A,5804
24,A,5805
24,A,5806
24,A,5807
24,A,5808
24,A,5809
24,A,5810
24,A,5811
24,A,5812
24,A,5813
24,A,5814
24,A,5815
24,A,5816
24,A,5817
24,A,5818
24,A,5819
24,A,5820
24,A,5821
24,A,5822
24,A,5823
24,A,5824
24,A,5825
24,A,5826
24,A,5827
24,A,5828
24,A,5829
24,A,5830
24,A,5831
24,A,5832
24,A,5833
24,A,5834
24,A,5835
24,A,5836
24,A,5837
24,A,5838
24,A,5839
24,A,5840
24,A,5841
24,A,5842
24,A,5843
24,A,5844
24,A,5845
24,A,5846
24,A,5847
24,A,5848
24,A,5849
24,A,5850
24,A,5851
24,A,5852
24,A,5853
24,A,5854
24,A,5855
24,A,5856
24,A,5857
24,A,5858
24,A,5859
24,A,5860
24,A,5861
24,A,5862
24,A,5863
24,A,5864
24,A,5865
24,A,5866
24,A,5867
24,A,5868
24,A,5869
24,A,5870
24,A,5871
24,A,5872
24,A,5873
24,A,5874
24,A,5875
24,A,5876
24,A,5877
24,A,5878
24,A,5879
24,A,5880
24,A,5881
24,A,5882
24,A,5883
24,A,5884
24,A,5885
24,A,5886
24,A,5887
24,A,5888
24,A,5889
24,A,5890
24,A,5891
24,A,5892
24,A,5893
24,A,5894
24,A,5895
24,A,5896
24,A,5897
24,A,5898
24,A,5899
24,A,5900
24,A,5901
24,A,5902
24,A,5903
24,A,5904
24,A,5905
24,A,5906
24,A,5907
24,A,5908
24,A,5909
24,A,5910
24,A,5911
24,A,5912
24,A,5913
24,A,5914
24,A,5915
24,A,5916
24,A,5917
24,A,5918
24,A,5919
24,A,5920
24,A,5921
24,A,5922
24,A,5923
24,A,5924
24,A,5925
24,A,5926
24,A,5927
24,A,5928
24,A,5929
24,A,5930
24,A,5931
24,A,5932
24,A,5933
24,A,5934
24,A,5935
24,A,5936
24,A,5937
24,A,5938
24,A,5939
24,A,5940
24,A,5941
24,A,5942
24,A,5943
24,A,5944
24,A,5945
24,A,5946
24,A,5947
24,A,5948
24,A,5949
24,A,5950
24,A,5951
24,A,5952
24,A,5953
24,A,5954
24,A,5955
24,A,5956
24,A,5957
24,A,5958
24,A,5959
24,A,5960
24,A,5961
24,A,5962
24,A,5963
24,A,5964
24,A,5965
24,A,5966
24,A,5967
24,A,5968
24,A,5969
24,A,5970
24,A,5971
24,A,5972
24,A,5973
24,A,5974
24,A,5975
24,A,5976
24,A,5977
24,A,5978
24,A,5979
24,A,5980
24,A,5981
24,A,5982
24,A,5983
24,A,5984
24,A,5985
24,A,5986
24,A,5987
24,A,5988
24,A,5989
24,A,5990
24,A,5991
24,A,5992
24,A,5993
24,A,5994
24,A,5995
24,A,5996
24,A,5997
24,A,5998
24,A,5999
24,A,6000
24,A,6001
24,A,6002
24,A,6003
24,A,6004
24,A,6005
24,A,6006
24,A,6007
24,A,6008
24,A,6009
24,A,6010
24,A,6011
24,A,6012
24,A,6013
24,A,6014
24,A,6015
24,A,6016
24,A,6017
24,A,6018
24,A,6019
24,A,6020
24,A,6021
24,A,6022
24,A,6023
24,A,6024
24,A,6025
24,A,6026
24,A,6027
24,A,6028
24,A,6029
24,A,6030
24,A,6031
24,A,6032
24,A,6033
24,A,6034
24,A,6035
24,A,6036
24,A,6037
24,A,6038
24,A,6039
24,A,6040
24,A,6041
24,A,6042
24,A,6043
24,A,6044
24,A,6045
24,A,6046
24,A,6047
24,A,6048
24,A,6049
24,A,6050
24,A,6051
24,A,6052
24,A,6053
24,A,6054
24,A,6055
24,A,6056
24,A,6057
24,A,6058
24,A,6059
24,A,6060
24,A,6061
24,A,6062
24,A,6063
24,A,6064
24,A,6065
24,A,6066
24,A,6067
24,A,6068
24,A,6069
24,A,6070
24,A,6071
24,A,6072
24,A,6073
24,A,6074
24,A,6075
24,A,6076
24,A,6077
24,A,6078
24,A,6079
24,A,6080
24,A,6081
24,A,6082
24,A,6083
24,A,6084
24,A,6085
24,A,6086
24,A,6087
24,A,6088
24,A,6089
24,A,6090
24,A,6091
24,A,6092
24,A,6093
24,A,6094
24,A,6095
24,A,6096
24,A,6097
24,A,6098
24,A,6099
24,A,6100
24,A,6101
24,A,6102
24,A,6103
24,A,6104
24,A,6105
24,A,6106
24,A,6107
24,A,6108
24,A,6109
24,A,6110
24,A,6111
24,A,6112
24,A,6113
24,A,6114
24,A,6115
24,A,6116
24,A,6117
24,A,6118
24,A,6119
24,A,6120
24,A,6121
24,A,6122
24,A,6123
24,A,6124
24,A,6125
24,A,6126
24,A,6127
24,A,6128
24,A,6129
24,A,6130
24,A,6131
24,A,6132
24,A,6133
24,A,6134
24,A,6135
24,A,6136
24,A,6137
24,A,6138
24,A,6139
24,A,6140
24,A,6141
24,A,6142
24,A,6143
24,A,6144
24,A,6145
24,A,6146
24,A,6147
24,A,6148
24,A,6149
24,A,6150
24,A,6151
24,A,6152
24,A,6153
24,A,6154
24,A,6155
24,A,6156
24,A,6157
24,A,6158
24,A,6159
24,A,6160
24,A,6161
24,A,6162
24,A,6163
24,A,6164
24,A,6165
24,A,6166
24,A,6167
24,A,6168
24,A,6169
24,A,6170
24,A,6171
24,A,6172
24,A,6173
24,A,6174
24,A,6175
24,A,6176
24,A,6177
24,A,6178
24,A,6179
24,A,6180
24,A,6181
24,A,6182
24,A,6183
24,A,6184
24,A,6185
24,A,6186
24,A,6187
24,A,6188
24,A,6189
24,A,6190
24,A,6191
24,A,6192
24,A,6193
24,A,6194
24,A,6195
24,A,6196
24,A,6197
24,A,6198
24,A,6199
24,A,6200
24,A,6201
24,A,6202
24,A,6203
24,A,6204
24,A,6205
24,A,6206
24,A,6207
24,A,6208
24,A,6209
24,A,6210
24,A,6211
24,A,6212
24,A,6213
24,A,6214
24,A,6215
24,A,6216
24,A,6217
24,A,6218
24,A,6219
24,A,6220
24,A,6221
24,A,6222
24,A,6223
24,A,6224
24,A,6225
24,A,6226
24,A,6227
24,A,6228
24,A,6229
24,A,6230
24,A,6231
24,A,6232
24,A,6233
24,A,6234
24,A,6235
24,A,6236
24,A,6237
24,A,6238
24,A,6239
24,A,6240
24,A,6241
24,A,6242
24,A,6243
24,A,6244
24,A,6245
24,A,6246
24,A,6247
24,A,6248
24,A,6249
24,A,6250
24,A,6251
24,A,6252
24,A,6253
24,A,6254
24,A,6255
24,A,6256
24,A,6257
24,A,6258
24,A,6259
24,A,6260
24,A,6261
24,A,6262
24,A,6263
24,A,6264
24,A,6265
24,A,6266
24,A,6267
24,A,6268
24,A,6269
24,A,6270
24,A,6271
24,A,6272
24,A,6273
24,A,6274
24,A,6275
24,A,6276
24,A,6277
24,A,6278
24,A,6279
24,A,6280
24,A,6281
24,A,6282
24,A,6283
24,A,6284
24,A,6285
24,A,6286
24,A,6287
24,A,6288
24,A,6289
24,A,6290
24,A,6291
24,A,6292
24,A,6293
24,A,6294
24,A,6295
24,A,6296
24,A,6297
24,A,6298
24,A,6299
24,A,6300
24,A,6301
24,A,6302
24,A,6303
24,A,6304
24,A,6305
24,A,6306
24,A,6307
24,A,6308
24,A,6309
24,A,6310
24,A,6311
24,A,6312
24,A,6313
24,A,6314
24,A,6315
24,A,6316
24,A,6317
24,A,6318
24,A,6319
24,A,6320
24,A,6321
24,A,6322
24,A,6323
24,A,6324
24,A,6325
24,A,6326
24,A,6327
24,A,6328
24,A,6329
24,A,6330
24,A,6331
24,A,6332
24,A,6333
24,A,6334
24,A,6335
24,A,6336
24,A,6337
24,A,6338
24,A,6339
24,A,6340
24,A,6341
24,A,6342
24,A,6343
24,A,6344
24,A,6345
24,A,6346
24,A,6347
24,A,6348
24,A,6349
24,A,6350
24,A,6351
24,A,6352
24,A,6353
24,A,6354
24,A,6355
24,A,6356
24,A,6357
24,A,6358
24,A,6359
24,A,6360
24,A,6361
24,A,6362
24,A,6363
24,A,6364
24,A,6365
24,A,6366
24,A,6367
24,A,6368
24,A,6369
24,A,6370
24,A,6371
24,A,6372
24,A,6373
24,A,6374
24,A,6375
24,A,6376
24,A,6377
24,A,6378
24,A,6379
24,A,6380
24,A,6381
24,A,6382
24,A,6383
24,A,6384
24,A,6385
24,A,6386
24,A,6387
24,A,6388
24,A,6389
24,A,6390
24,A,6391
24,A,6392
24,A,6393
24,A,6394
24,A,6395
24,A,6396
24,A,6397
24,A,6398
24,A,6399
24,A,6400
24,A,6401
24,A,6402
24,A,6403
24,A,6404
24,A,6405
24,A,6406
24,A,6407
24,A,6408
24,A,6409
24,A,6410
24,A,6411
24,A,6412
24,A,6413
24,A,6414
24,A,6415
24,A,6416
24,A,6417
24,A,6418
24,A,6419
24,A,6420
24,A,6421
24,A,6422
24,A,6423
24,A,6424
24,A,6425
24,A,6426
24,A,6427
24,A,6428
24,A,6429
24,A,6430
24,A,6431
24,A,6432
24,A,6433
24,A,6434
24,A,6435
24,A,6436
24,A,6437
24,A,6438
24,A,6439
24,A,6440
24,A,6441
24,A,6442
24,A,6443
24,A,6444
24,A,6445
24,A,6446
24,A,6447
24,A,6448
24,A,6449
24,A,6450
24,A,6451
24,A,6452
24,A,6453
24,A,6454
24,A,6455
24,A,6456
24,A,6457
24,A,6458
24,A,6459
24,A,6460
24,A,6461
24,A,6462
24,A,6463
24,A,6464
24,A,6465
24,A,6466
24,A,6467
24,A,6468
24,A,6469
24,A,6470
24,A,6471
24,A,6472
24,A,6473
24,A,6474
24,A,6475
24,A,6476
24,A,6477
24,A,6478
24,A,6479
24,A,6480
24,A,6481
24,A,6482
24,A,6483
24,A,6484
24,A,6485
24,A,6486
24,A,6487
24,A,6488
24,A,6489
24,A,6490
24,A,6491
24,A,6492
24,A,6493
24,A,6494
24,A,6495
24,A,6496
24,A,6497
24,A,6498
24,A,6499
24,A,6500
24,A,6501
24,A,6502
24,A,6503
24,A,6504
24,A,6505
24,A,6506
24,A,6507
24,A,6508
24,A,6509
24,A,6510
24,A,6511
24,A,6512
24,A,6513
24,A,6514
24,A,6515
24,A,6516
24,A,6517
24,A,6518
24,A,6519
24,A,6520
24,A,6521
24,A,6522
24,A,6523
24,A,6524
24,A,6525
24,A,6526
24,A,6527
24,A,6528
24,A,6529
24,A,6530
24,A,6531
24,A,6532
24,A,6533
24,A,6534
24,A,6535
24,A,6536
24,A,6537
24,A,6538
24,A,6539
24,A,6540
24,A,6541
24,A,6542
24,A,6543
24,A,6544
24,A,6545
24,A,6546
24,A,6547
24,A,6548
24,A,6549
24,A,6550
24,A,6551
24,A,6552
24,A,6553
24,A,6554
24,A,6555
24,A,6556
24,A,6557
24,A,6558
24,A,6559
24,A,6560
24,A,6561
24,A,6562
24,A,6563
24,A,6564
24,A,6565
24,A,6566
24,A,6567
24,A,6568
24,A,6569
24,A,6570
24,A,6571
24,A,6572
24,A,6573
24,A,6574
24,A,6575
24,A,6576
24,A,6577
24,A,6578
24,A,6579
24,A,6580
24,A,6581
24,A,6582
24,A,6583
24,A,6584
24,A,6585
24,A,6586
24,A,6587
24,A,6588
24,A,6589
24,A,6590
24,A,6591
24,A,6592
24,A,6593
24,A,6594
24,A,6595
24,A,6596
24,A,6597
24,A,6598
24,A,6599
24,A,6600
24,A,6601
24,A,6602
24,A,6603
24,A,6604
24,A,6605
24,A,6606
24,A,6607
24,A,6608
24,A,6609
24,A,6610
24,A,6611
24,A,6612
24,A,6613
24,A,6614
24,A,6615
24,A,6616
24,A,6617
24,A,6618
24,A,6619
24,A,6620
24,A,6621
24,A,6622
24,A,6623
24,A,6624
24,A,6625
24,A,6626
24,A,6627
24,A,6628
24,A,6629
24,A,6630
24,A,6631
24,A,6632
24,A,6633
24,A,6634
24,A,6635
24,A,6636
24,A,6637
24,A,6638
24,A,6639
24,A,6640
24,A,6641
24,A,6642
24,A,6643
24,A,6644
24,A,6645
24,A,6646
24,A,6647
24,A,6648
24,A,6649
24,A,6650
24,A,6651
24,A,6652
24,A,6653
24,A,6654
24,A,6655
24,A,6656
24,A,6657
24,A,6658
24,A,6659
24,A,6660
24,A,6661
24,A,6662
24,A,6663
24,A,6664
24,A,6665
24,A,6666
24,A,6667
24,A,6668
24,A,6669
24,A,6670
24,A,6671
24,A,6672
24,A,6673
24,A,6674
24,A,6675
24,A,6676
24,A,6677
24,A,6678
24,A,6679
24,A,6680
24,A,6681
24,A,6682
24,A,6683
24,A,6684
24,A,6685
24,A,6686
24,A,6687
24,A,6688
24,A,6689
24,A,6690
24,A,6691
24,A,6692
24,A,6693
24,A,6694
24,A,6695
24,A,6696
24,A,6697
24,A,6698
24,A,6699
24,A,6700
24,A,6701
24,A,6702
24,A,6703
24,A,6704
24,A,6705
24,A,6706
24,A,6707
24,A,6708
24,A,6709
24,A,6710
24,A,6711
24,A,6712
24,A,6713
24,A,6714
24,A,6715
24,A,6716
24,A,6717
24,A,6718
24,A,6719
24,A,6720
24,A,6721
24,A,6722
24,A,6723
24,A,6724
24,A,6725
24,A,6726
24,A,6727
24,A,6728
24,A,6729
24,A,6730
24,A,6731
24,A,6732
24,A,6733
24,A,6734
24,A,6735
24,A,6736
24,A,6737
24,A,6738
24,A,6739
24,A,6740
24,A,6741
24,A,6742
24,A,6743
24,A,6744
24,A,6745
24,A,6746
24,A,6747
24,A,6748
24,A,6749
24,A,6750
24,A,6751
24,A,6752
24,A,6753
24,A,6754
24,A,6755
24,A,6756
24,A,6757
24,A,6758
24,A,6759
24,A,6760
24,A,6761
24,A,6762
24,A,6763
24,A,6764
24,A,6765
24,A,6766
24,A,6767
24,A,6768
24,A,6769
24,A,6770
24,A,6771
24,A,6772
24,A,6773
24,A,6774
24,A,6775
24,A,6776
24,A,6777
24,A,6778
24,A,6779
24,A,6780
24,A,6781
24,A,6782
24,A,6783
24,A,6784
24,A,6785
24,A,6786
24,A,6787
24,A,6788
24,A,6789
24,A,6790
24,A,6791
24,A,6792
24,A,6793
24,A,6794
24,A,6795
24,A,6796
24,A,6797
24,A,6798
24,A,6799
24,A,6800
24,A,6801
24,A,6802
24,A,6803
24,A,6804
24,A,6805
24,A,6806
24,A,6807
24,A,6808
24,A,6809
24,A,6810
24,A,6811
24,A,6812
24,A,6813
24,A,6814
24,A,6815
24,A,6816
24,A,6817
24,A,6818
24,A,6819
24,A,6820
24,A,6821
24,A,6822
24,A,6823
24,A,6824
24,A,6825
24,A,6826
24,A,6827
24,A,6828
24,A,6829
24,A,6830
24,A,6831
24,A,6832
24,A,6833
24,A,6834
24,A,6835
24,A,6836
24,A,6837
24,A,6838
24,A,6839
24,A,6840
24,A,6841
24,A,6842
24,A,6843
24,A,6844
24,A,6845
24,A,6846
24,A,6847
24,A,6848
24,A,6849
24,A,6850
24,A,6851
24,A,6852
24,A,6853
24,A,6854
24,A,6855
24,A,6856
24,A,6857
24,A,6858
24,A,6859
24,A,6860
24,A,6861
24,A,6862
24,A,6863
24,A,6864
24,A,6865
24,A,6866
24,A,6867
24,A,6868
24,A,6869
24,A,6870
24,A,6871
24,A,6872
24,A,6873
24,A,6874
24,A,6875
24,A,6876
24,A,6877
24,A,6878
24,A,6879
24,A,6880
24,A,6881
24,A,6882
24,A,6883
24,A,6884
24,A,6885
24,A,6886
24,A,6887
24,A,6888
24,A,6889
24,A,6890
24,A,6891
24,A,6892
24,A,6893
24,A,6894
24,A,6895
24,A,6896
24,A,6897
24,A,6898
24,A,6899
24,A,6900
24,A,6901
24,A,6902
24,A,6903
24,A,6904
24,A,6905
24,A,6906
24,A,6907
24,A,6908
24,A,6909
24,A,6910
24,A,6911
24,A,6912
24,A,6913
24,A,6914
24,A,6915
24,A,6916
24,A,6917
24,A,6918
24,A,6919
24,A,6920
24,A,6921
24,A,6922
24,A,6923
24,A,6924
24,A,6925
24,A,6926
24,A,6927
24,A,6928
24,A,6929
24,A,6930
24,A,6931
24,A,6932
24,A,6933
24,A,6934
24,A,6935
24,A,6936
24,A,6937
24,A,6938
24,A,6939
24,A,6940
24,A,6941
24,A,6942
24,A,6943
24,A,6944
24,A,6945
24,A,6946
24,A,6947
24,A,6948
24,A,6949
24,A,6950
24,A,6951
24,A,6952
24,A,6953
24,A,6954
24,A,6955
24,A,6956
24,A,6957
24,A,6958
24,A,6959
24,A,6960
24,A,6961
24,A,6962
24,A,6963
24,A,6964
24,A,6965
24,A,6966
24,A,6967
24,A,6968
24,A,6969
24,A,6970
24,A,6971
24,A,6972
24,A,6973
24,A,6974
24,A,6975
24,A,6976
24,A,6977
24,A,6978
24,A,6979
24,A,6980
24,A,6981
24,A,6982
24,A,6983
24,A,6984
24,A,6985
24,A,6986
24,A,6987
24,A,6988
24,A,6989
24,A,6990
24,A,6991
24,A,6992
24,A,6993
24,A,6994
24,A,6995
24,A,6996
24,A,6997
24,A,6998
24,A,6999
24,A,7000
24,A,7001
24,A,7002
24,A,7003
24,A,7004
24,A,7005
24,A,7006
24,A,7007
24,A,7008
24,A,7009
24,A,7010
24,A,7011
24,A,7012
24,A,7013
24,A,7014
24,A,7015
24,A,7016
24,A,7017
24,A,7018
24,A,7019
24,A,7020
24,A,7021
24,A,7022
24,A,7023
24,A,7024
24,A,7025
24,A,7026
24,A,7027
24,A,7028
24,A,7029
24,A,7030
24,A,7031
24,A,7032
24,A,7033
24,A,7034
24,A,7035
24,A,7036
24,A,7037
24,A,7038
24,A,7039
24,A,7040
24,A,7041
24,A,7042
24,A,7043
24,A,7044
24,A,7045
24,A,7046
24,A,7047
24,A,7048
24,A,7049
24,A,7050
24,A,7051
24,A,7052
24,A,7053
24,A,7054
24,A,7055
24,A,7056
24,A,7057
24,A,7058
24,A,7059
24,A,7060
24,A,7061
24,A,7062
24,A,7063
24,A,7064
24,A,7065
24,A,7066
24,A,7067
24,A,7068
24,A,7069
24,A,7070
24,A,7071
24,A,7072
24,A,7073
24,A,7074
24,A,7075
24,A,7076
24,A,7077
24,A,7078
24,A,7079
24,A,7080
24,A,7081
24,A,7082
24,A,7083
24,A,7084
24,A,7085
24,A,7086
24,A,7087
24,A,7088
24,A,7089
24,A,7090
24,A,7091
24,A,7092
24,A,7093
24,A,7094
24,A,7095
24,A,7096
24,A,7097
24,A,7098
24,A,7099
24,A,7100
24,A,7101
24,A,7102
24,A,7103
24,A,7104
24,A,7105
24,A,7106
24,A,7107
24,A,7108
24,A,7109
24,A,7110
24,A,7111
24,A,7112
24,A,7113
24,A,7114
24,A,7115
24,A,7116
24,A,7117
24,A,7118
24,A,7119
24,A,7120
24,A,7121
24,A,7122
24,A,7123
24,A,7124
24,A,7125
24,A,7126
24,A,7127
24,A,7128
24,A,7129
24,A,7130
24,A,7131
24,A,7132
24,A,7133
24,A,7134
24,A,7135
24,A,7136
24,A,7137
24,A,7138
24,A,7139
24,A,7140
24,A,7141
24,A,7142
24,A,7143
24,A,7144
24,A,7145
24,A,7146
24,A,7147
24,A,7148
24,A,7149
24,A,7150
24,A,7151
24,A,7152
24,A,7153
24,A,7154
24,A,7155
24,A,7156
24,A,7157
24,A,7158
24,A,7159
24,A,7160
24,A,7161
24,A,7162
24,A,7163
24,A,7164
24,A,7165
24,A,7166
24,A,7167
24,A,7168
24,A,7169
24,A,7170
24,A,7171
24,A,7172
24,A,7173
24,A,7174
24,A,7175
24,A,7176
24,A,7177
24,A,7178
24,A,7179
24,A,7180
24,A,7181
24,A,7182
24,A,7183
24,A,7184
24,A,7185
24,A,7186
24,A,7187
24,A,7188
24,A,7189
24,A,7190
24,A,7191
24,A,7192
24,A,7193
24,A,7194
24,A,7195
24,A,7196
24,A,7197
24,A,7198
24,A,7199
24,A,7200
24,A,7201
24,A,7202
24,A,7203
24,A,7204
24,A,7205
24,A,7206
24,A,7207
24,A,7208
24,A,7209
24,A,7210
24,A,7211
24,A,7212
24,A,7213
24,A,7214
24,A,7215
24,A,7216
24,A,7217
24,A,7218
24,A,7219
24,A,7220
24,A,7221
24,A,7222
24,A,7223
24,A,7224
24,A,7225
24,A,7226
24,A,7227
24,A,7228
24,A,7229
24,A,7230
24,A,7231
24,A,7232
24,A,7233
24,A,7234
24,A,7235
24,A,7236
24,A,7237
24,A,7238
24,A,7239
24,A,7240
24,A,7241
24,A,7242
24,A,7243
24,A,7244
24,A,7245
24,A,7246
24,A,7247
24,A,7248
24,A,7249
24,A,7250
24,A,7251
24,A,7252
24,A,7253
24,A,7254
24,A,7255
24,A,7256
24,A,7257
24,A,7258
24,A,7259
24,A,7260
24,A,7261
24,A,7262
24,A,7263
24,A,7264
24,A,7265
24,A,7266
24,A,7267
24,A,7268
24,A,7269
24,A,7270
24,A,7271
24,A,7272
24,A,7273
24,A,7274
24,A,7275
24,A,7276
24,A,7277
24,A,7278
24,A,7279
24,A,7280
24,A,7281
24,A,7282
24,A,7283
24,A,7284
24,A,7285
24,A,7286
24,A,7287
24,A,7288
24,A,7289
24,A,7290
24,A,7291
24,A,7292
24,A,7293
24,A,7294
24,A,7295
24,A,7296
24,A,7297
24,A,7298
24,A,7299
24,A,7300
24,A,7301
24,A,7302
24,A,7303
24,A,7304
24,A,7305
24,A,7306
24,A,7307
24,A,7308
24,A,7309
24,A,7310
24,A,7311
24,A,7312
24,A,7313
24,A,7314
24,A,7315
24,A,7316
24,A,7317
24,A,7318
24,A,7319
24,A,7320
24,A,7321
24,A,7322
24,A,7323
24,A,7324
24,A,7325
24,A,7326
24,A,7327
24,A,7328
24,A,7329
24,A,7330
24,A,7331
24,A,7332
24,A,7333
24,A,7334
24,A,7335
24,A,7336
24,A,7337
24,A,7338
24,A,7339
24,A,7340
24,A,7341
24,A,7342
24,A,7343
24,A,7344
24,A,7345
24,A,7346
24,A,7347
24,A,7348
24,A,7349
24,A,7350
24,A,7351
24,A,7352
24,A,7353
24,A,7354
24,A,7355
24,A,7356
24,A,7357
24,A,7358
24,A,7359
24,A,7360
24,A,7361
24,A,7362
24,A,7363
24,A,7364
24,A,7365
24,A,7366
24,A,7367
24,A,7368
24,A,7369
24,A,7370
24,A,7371
24,A,7372
24,A,7373
24,A,7374
24,A,7375
24,A,7376
24,A,7377
24,A,7378
24,A,7379
24,A,7380
24,A,7381
24,A,7382
24,A,7383
24,A,7384
24,A,7385
24,A,7386
24,A,7387
24,A,7388
24,A,7389
24,A,7390
24,A,7391
24,A,7392
24,A,7393
24,A,7394
24,A,7395
24,A,7396
24,A,7397
24,A,7398
24,A,7399
24,A,7400
24,A,7401
24,A,7402
24,A,7403
24,A,7404
24,A,7405
24,A,7406
24,A,7407
24,A,7408
24,A,7409
24,A,7410
24,A,7411
24,A,7412
24,A,7413
24,A,7414
24,A,7415
24,A,7416
24,A,7417
24,A,7418
24,A,7419
24,A,7420
24,A,7421
24,A,7422
24,A,7423
24,A,7424
24,A,7425
24,A,7426
24,A,7427
24,A,7428
24,A,7429
24,A,7430
24,A,7431
24,A,7432
24,A,7433
24,A,7434
24,A,7435
24,A,7436
24,A,7437
24,A,7438
24,A,7439
24,A,7440
24,A,7441
24,A,7442
24,A,7443
24,A,7444
24,A,7445
24,A,7446
24,A,7447
24,A,7448
24,A,7449
24,A,7450
24,A,7451
24,A,7452
24,A,7453
24,A,7454
24,A,7455
24,A,7456
24,A,7457
24,A,7458
24,A,7459
24,A,7460
24,A,7461
24,A,7462
24,A,7463
24,A,7464
24,A,7465
24,A,7466
24,A,7467
24,A,7468
24,A,7469
24,A,7470
24,A,7471
24,A,7472
24,A,7473
24,A,7474
24,A,7475
24,A,7476
24,A,7477
24,A,7478
24,A,7479
24,A,7480
24,A,7481
24,A,7482
24,A,7483
24,A,7484
24,A,7485
24,A,7486
24,A,7487
24,A,7488
24,A,7489
24,A,7490
24,A,7491
24,A,7492
24,A,7493
24,A,7494
24,A,7495
24,A,7496
24,A,7497
24,A,7498
24,A,7499
24,A,7500
24,A,7501
24,A,7502
24,A,7503
24,A,7504
24,A,7505
24,A,7506
24,A,7507
24,A,7508
24,A,7509
24,A,7510
24,A,7511
24,A,7512
24,A,7513
24,A,7514
24,A,7515
24,A,7516
24,A,7517
24,A,7518
24,A,7519
24,A,7520
24,A,7521
24,A,7522
24,A,7523
24,A,7524
24,A,7525
24,A,7526
24,A,7527
24,A,7528
24,A,7529
24,A,7530
24,A,7531
24,A,7532
24,A,7533
24,A,7534
24,A,7535
24,A,7536
24,A,7537
24,A,7538
24,A,7539
24,A,7540
24,A,7541
24,A,7542
24,A,7543
24,A,7544
24,A,7545
24,A,7546
24,A,7547
24,A,7548
24,A,7549
24,A,7550
24,A,7551
24,A,7552
24,A,7553
24,A,7554
24,A,7555
24,A,7556
24,A,7557
24,A,7558
24,A,7559
24,A,7560
24,A,7561
24,A,7562
24,A,7563
24,A,7564
24,A,7565
24,A,7566
24,A,7567
24,A,7568
24,A,7569
24,A,7570
24,A,7571
24,A,7572
24,A,7573
24,A,7574
24,A,7575
24,A,7576
24,A,7577
24,A,7578
24,A,7579
24,A,7580
24,A,7581
24,A,7582
24,A,7583
24,A,7584
24,A,7585
24,A,7586
24,A,7587
24,A,7588
24,A,7589
24,A,7590
24,A,7591
24,A,7592
24,A,7593
24,A,7594
24,A,7595
24,A,7596
24,A,7597
24,A,7598
24,A,7599
24,A,7600
24,A,7601
24,A,7602
24,A,7603
24,A,7604
24,A,7605
24,A,7606
24,A,7607
24,A,7608
24,A,7609
24,A,7610
24,A,7611
24,A,7612
24,A,7613
24,A,7614
24,A,7615
24,A,7616
24,A,7617
24,A,7618
24,A,7619
24,A,7620
24,A,7621
24,A,7622
24,A,7623
24,A,7624
24,A,7625
24,A,7626
24,A,7627
24,A,7628
24,A,7629
24,A,7630
24,A,7631
24,A,7632
24,A,7633
24,A,7634
24,A,7635
24,A,7636
24,A,7637
24,A,7638
24,A,7639
24,A,7640
24,A,7641
24,A,7642
24,A,7643
24,A,7644
24,A,7645
24,A,7646
24,A,7647
24,A,7648
24,A,7649
24,A,7650
24,A,7651
24,A,7652
24,A,7653
24,A,7654
24,A,7655
24,A,7656
24,A,7657
24,A,7658
24,A,7659
24,A,7660
24,A,7661
24,A,7662
24,A,7663
24,A,7664
24,A,7665
24,A,7666
24,A,7667
24,A,7668
24,A,7669
24,A,7670
24,A,7671
24,A,7672
24,A,7673
24,A,7674
24,A,7675
24,A,7676
24,A,7677
24,A,7678
24,A,7679
24,A,7680
24,A,7681
24,A,7682
24,A,7683
24,A,7684
24,A,7685
24,A,7686
24,A,7687
24,A,7688
24,A,7689
24,A,7690
24,A,7691
24,A,7692
24,A,7693
24,A,7694
24,A,7695
24,A,7696
24,A,7697
24,A,7698
24,A,7699
24,A,7700
24,A,7701
24,A,7702
24,A,7703
24,A,7704
24,A,7705
24,A,7706
24,A,7707
24,A,7708
24,A,7709
24,A,7710
24,A,7711
24,A,7712
24,A,7713
24,A,7714
24,A,7715
24,A,7716
24,A,7717
24,A,7718
24,A,7719
24,A,7720
24,A,7721
24,A,7722
24,A,7723
24,A,7724
24,A,7725
24,A,7726
24,A,7727
24,A,7728
24,A,7729
24,A,7730
24,A,7731
24,A,7732
24,A,7733
24,A,7734
24,A,7735
24,A,7736
24,A,7737
24,A,7738
24,A,7739
24,A,7740
24,A,7741
24,A,7742
24,A,7743
24,A,7744
24,A,7745
24,A,7746
24,A,7747
24,A,7748
24,A,7749
24,A,7750
24,A,7751
24,A,7752
24,A,7753
24,A,7754
24,A,7755
24,A,7756
24,A,7757
24,A,7758
24,A,7759
24,A,7760
24,A,7761
24,A,7762
24,A,7763
24,A,7764
24,A,7765
24,A,7766
24,A,7767
24,A,7768
24,A,7769
24,A,7770
24,A,7771
24,A,7772
24,A,7773
24,A,7774
24,A,7775
24,A,7776
24,A,7777
24,A,7778
24,A,7779
24,A,7780
24,A,7781
24,A,7782
24,A,7783
24,A,7784
24,A,7785
24,A,7786
24,A,7787
24,A,7788
24,A,7789
24,A,7790
24,A,7791
24,A,7792
24,A,7793
24,A,7794
24,A,7795
24,A,7796
24,A,7797
24,A,7798
24,A,7799
24,A,7800
24,A,7801
24,A,7802
24,A,7803
24,A,7804
24,A,7805
24,A,7806
24,A,7807
24,A,7808
24,A,7809
24,A,7810
24,A,7811
24,A,7812
24,A,7813
24,A,7814
24,A,7815
24,A,7816
24,A,7817
24,A,7818
24,A,7819
24,A,7820
24,A,7821
24,A,7822
24,A,7823
24,A,7824
24,A,7825
24,A,7826
24,A,7827
24,A,7828
24,A,7829
24,A,7830
24,A,7831
24,A,7832
24,A,7833
24,A,7834
24,A,7835
24,A,7836
24,A,7837
24,A,7838
24,A,7839
24,A,7840
24,A,7841
24,A,7842
24,A,7843
24,A,7844
24,A,7845
24,A,7846
24,A,7847
24,A,7848
24,A,7849
24,A,7850
24,A,7851
24,A,7852
24,A,7853
24,A,7854
24,A,7855
24,A,7856
24,A,7857
24,A,7858
24,A,7859
24,A,7860
24,A,7861
24,A,7862
24,A,7863
24,A,7864
24,A,7865
24,A,7866
24,A,7867
24,A,7868
24,A,7869
24,A,7870
24,A,7871
24,A,7872
24,A,7873
24,A,7874
24,A,7875
24,A,7876
24,A,7877
24,A,7878
24,A,7879
24,A,7880
24,A,7881
24,A,7882
24,A,7883
24,A,7884
24,A,7885
24,A,7886
24,A,7887
24,A,7888
24,A,7889
24,A,7890
24,A,7891
24,A,7892
24,A,7893
24,A,7894
24,A,7895
24,A,7896
24,A,7897
24,A,7898
24,A,7899
24,A,7900
24,A,7901
24,A,7902
24,A,7903
24,A,7904
24,A,7905
24,A,7906
24,A,7907
24,A,7908
24,A,7909
24,A,7910
24,A,7911
24,A,7912
24,A,7913
24,A,7914
24,A,7915
24,A,7916
24,A,7917
24,A,7918
24,A,7919
24,A,7920
24,A,7921
24,A,7922
24,A,7923
24,A,7924
24,A,7925
24,A,7926
24,A,7927
24,A,7928
24,A,7929
24,A,7930
24,A,7931
24,A,7932
24,A,7933
24,A,7934
24,A,7935
24,A,7936
24,A,7937
24,A,7938
24,A,7939
24,A,7940
24,A,7941
24,A,7942
24,A,7943
24,A,7944
24,A,7945
24,A,7946
24,A,7947
24,A,7948
24,A,7949
24,A,7950
24,A,7951
24,A,7952
24,A,7953
24,A,7954
24,A,7955
24,A,7956
24,A,7957
24,A,7958
24,A,7959
24,A,7960
24,A,7961
24,A,7962
24,A,7963
24,A,7964
24,A,7965
24,A,7966
24,A,7967
24,A,7968
24,A,7969
24,A,7970
24,A,7971
24,A,7972
24,A,7973
24,A,7974
24,A,7975
24,A,7976
24,A,7977
24,A,7978
24,A,7979
24,A,7980
24,A,7981
24,A,7982
24,A,7983
24,A,7984
24,A,7985
24,A,7986
24,A,7987
24,A,7988
24,A,7989
24,A,7990
24,A,7991
24,A,7992
24,A,7993
24,A,7994
24,A,7995
24,A,7996
24,A,7997
24,A,7998
24,A,7999
24,A,8000
24,A,8001
24,A,8002
24,A,8003
24,A,8004
24,A,8005
24,A,8006
24,A,8007
24,A,8008
24,A,8009
24,A,8010
24,A,8011
24,A,8012
24,A,8013
24,A,8014
24,A,8015
24,A,8016
24,A,8017
24,A,8018
24,A,8019
24,A,8020
24,A,8021
24,A,8022
24,A,8023
24,A,8024
24,A,8025
24,A,8026
24,A,8027
24,A,8028
24,A,8029
24,A,8030
24,A,8031
24,A,8032
24,A,8033
24,A,8034
24,A,8035
24,A,8036
24,A,8037
24,A,8038
24,A,8039
24,A,8040
24,A,8041
24,A,8042
24,A,8043
24,A,8044
24,A,8045
24,A,8046
24,A,8047
24,A,8048
24,A,8049
24,A,8050
24,A,8051
24,A,8052
24,A,8053
24,A,8054
24,A,8055
24,A,8056
24,A,8057
24,A,8058
24,A,8059
24,A,8060
24,A,8061
24,A,8062
24,A,8063
24,A,8064
24,A,8065
24,A,8066
24,A,8067
24,A,8068
24,A,8069
24,A,8070
24,A,8071
24,A,8072
24,A,8073
24,A,8074
24,A,8075
24,A,8076
24,A,8077
24,A,8078
24,A,8079
24,A,8080
24,A,8081
24,A,8082
24,A,8083
24,A,8084
24,A,8085
24,A,8086
24,A,8087
24,A,8088
24,A,8089
24,A,8090
24,A,8091
24,A,8092
24,A,8093
24,A,8094
24,A,8095
24,A,8096
24,A,8097
24,A,8098
24,A,8099
24,A,8100
24,A,8101
24,A,8102
24,A,8103
24,A,8104
24,A,8105
24,A,8106
24,A,8107
24,A,8108
24,A,8109
24,A,8110
24,A,8111
24,A,8112
24,A,8113
24,A,8114
24,A,8115
24,A,8116
24,A,8117
24,A,8118
24,A,8119
24,A,8120
24,A,8121
24,A,8122
24,A,8123
24,A,8124
24,A,8125
24,A,8126
24,A,8127
24,A,8128
24,A,8129
24,A,8130
24,A,8131
24,A,8132
24,A,8133
24,A,8134
24,A,8135
24,A,8136
24,A,8137
24,A,8138
24,A,8139
24,A,8140
24,A,8141
24,A,8142
24,A,8143
24,A,8144
24,A,8145
24,A,8146
24,A,8147
24,A,8148
24,A,8149
24,A,8150
24,A,8151
24,A,8152
24,A,8153
24,A,8154
24,A,8155
24,A,8156
24,A,8157
24,A,8158
24,A,8159
24,A,8160
24,A,8161
24,A,8162
24,A,8163
24,A,8164
24,A,8165
24,A,8166
24,A,8167
24,A,8168
24,A,8169
24,A,8170
24,A,8171
24,A,8172
24,A,8173
24,A,8174
24,A,8175
24,A,8176
24,A,8177
24,A,8178
24,A,8179
24,A,8180
24,A,8181
24,A,8182
24,A,8183
24,A,8184
24,A,8185
24,A,8186
24,A,8187
24,A,8188
24,A,8189
24,A,8190
24,A,8191
24,B,8192
24,B,8193
24,B,8194
24,B,8195
24,B,8196
24,B,8197
24,B,8198
24,B,8199
24,B,8200
24,B,8201
24,B,8202
24,B,8203
24,B,8204
24,B,8205
24,B,8206
24,B,8207
24,B,8208
24,B,8209
24,B,8210
24,B,8211
24,B,8212
24,B,8213
24,B,8214
24,B,8215
24,B,8216
24,B,8217
24,B,8218
24,B,8219
24,B,8220
24,B,8221
24,B,8222
24,B,8223
24,B,8224
24,B,8225
24,B,8226
24,B,8227
24,B,8228
24,B,8229
24,B,8230
24,B,8231
24,B,8232
24,B,8233
24,B,8234
24,B,8235
24,B,8236
24,B,8237
24,B,8238
24,B,8239
24,B,8240
24,B,8241
24,B,8242
24,B,8243
24,B,8244
24,B,8245
24,B,8246
24,B,8247
24,B,8248
24,B,8249
24,B,8250
24,B,8251
24,B,8252
24,B,8253
24,B,8254
24,B,8255
24,B,8256
24,B,8257
24,B,8258
24,B,8259
24,B,8260
24,B,8261
24,B,8262
24,B,8263
24,B,8264
24,B,8265
24,B,8266
24,B,8267
24,B,8268
24,B,8269
24,B,8270
24,B,8271
24,B,8272
24,B,8273
24,B,8274
24,B,8275
24,B,8276
24,B,8277
24,B,8278
24,B,8279
24,B,8280
24,B,8281
24,B,8282
24,B,8283
24,B,8284
24,B,8285
24,B,8286
24,B,8287
24,B,8288
24,B,8289
24,B,8290
24,B,8291
24,B,8292
24,B,8293
24,B,8294
24,B,8295
24,B,8296
24,B,8297
24,B,8298
24,B,8299
24,B,8300
24,B,8301
24,B,8302
24,B,8303
24,B,8304
24,B,8305
24,B,8306
24,B,8307
24,B,8308
24,B,8309
24,B,8310
24,B,8311
24,B,8312
24,B,8313
24,B,8314
24,B,8315
24,B,8316
24,B,8317
24,B,8318
24,B,8319
24,B,8320
24,B,8321
24,B,8322
24,B,8323
24,B,8324
24,B,8325
24,B,8326
24,B,8327
24,B,8328
24,B,8329
24,B,8330
24,B,8331
24,B,8332
24,B,8333
24,B,8334
24,B,8335
24,B,8336
24,B,8337
24,B,8338
24,B,8339
24,B,8340
24,B,8341
24,B,8342
24,B,8343
24,B,8344
24,B,8345
24,B,8346
24,B,8347
24,B,8348
24,B,8349
24,B,8350
24,B,8351
24,B,8352
24,B,8353
24,B,8354
24,B,8355
24,B,8356
24,B,8357
24,B,8358
24,B,8359
24,B,8360
24,B,8361
24,B,8362
24,B,8363
24,B,8364
24,B,8365
24,B,8366
24,B,8367
24,B,8368
24,B,8369
24,B,8370
24,B,8371
24,B,8372
24,B,8373
24,B,8374
24,B,8375
24,B,8376
24,B,8377
24,B,8378
24,B,8379
24,B,8380
24,B,8381
24,B,8382
24,B,8383
24,B,8384
24,B,8385
24,B,8386
24,B,8387
24,B,8388
24,B,8389
24,B,8390
24,B,8391
24,B,8392
24,B,8393
24,B,8394
24,B,8395
24,B,8396
24,B,8397
24,B,8398
24,B,8399
24,B,8400
24,B,8401
24,B,8402
24,B,8403
24,B,8404
24,B,8405
24,B,8406
24,B,8407
24,B,8408
24,B,8409
24,B,8410
24,B,8411
24,B,8412
24,B,8413
24,B,8414
24,B,8415
24,B,8416
24,B,8417
24,B,8418
24,B,8419
24,B,8420
24,B,8421
24,B,8422
24,B,8423
24,B,8424
24,B,8425
24,B,8426
24,B,8427
24,B,8428
24,B,8429
24,B,8430
24,B,8431
24,B,8432
24,B,8433
24,B,8434
24,B,8435
24,B,8436
24,B,8437
24,B,8438
24,B,8439
24,B,8440
24,B,8441
24,B,8442
24,B,8443
24,B,8444
24,B,8445
24,B,8446
24,B,8447
24,B,8448
24,B,8449
24,B,8450
24,B,8451
24,B,8452
24,B,8453
24,B,8454
24,B,8455
24,B,8456
24,B,8457
24,B,8458
24,B,8459
24,B,8460
24,B,8461
24,B,8462
24,B,8463
24,B,8464
24,B,8465
24,B,8466
24,B,8467
24,B,8468
24,B,8469
24,B,8470
24,B,8471
24,B,8472
24,B,8473
24,B,8474
24,B,8475
24,B,8476
24,B,8477
24,B,8478
24,B,8479
24,B,8480
24,B,8481
24,B,8482
24,B,8483
24,B,8484
24,B,8485
24,B,8486
24,B,8487
24,B,8488
24,B,8489
24,B,8490
24,B,8491
24,B,8492
24,B,8493
24,B,8494
24,B,8495
24,B,8496
24,B,8497
24,B,8498
24,B,8499
24,B,8500
24,B,8501
24,B,8502
24,B,8503
24,B,8504
24,B,8505
24,B,8506
24,B,8507
24,B,8508
24,B,8509
24,B,8510
24,B,8511
24,B,8512
24,B,8513
24,B,8514
24,B,8515
24,B,8516
24,B,8517
24,B,8518
24,B,8519
24,B,8520
24,B,8521
24,B,8522
24,B,8523
24,B,8524
24,B,8525
24,B,8526
24,B,8527
24,B,8528
24,B,8529
24,B,8530
24,B,8531
24,B,8532
24,B,8533
24,B,8534
24,B,8535
24,B,8536
24,B,8537
24,B,8538
24,B,8539
24,B,8540
24,B,8541
24,B,8542
24,B,8543
24,B,8544
24,B,8545
24,B,8546
24,B,8547
24,B,8548
24,B,8549
24,B,8550
24,B,8551
24,B,8552
24,B,8553
24,B,8554
24,B,8555
24,B,8556
24,B,8557
24,B,8558
24,B,8559
24,B,8560
24,B,8561
24,B,8562
24,B,8563
24,B,8564
24,B,8565
24,B,8566
24,B,8567
24,B,8568
24,B,8569
24,B,8570
24,B,8571
24,B,8572
24,B,8573
24,B,8574
24,B,8575
24,B,8576
24,B,8577
24,B,8578
24,B,8579
24,B,8580
24,B,8581
24,B,8582
24,B,8583
24,B,8584
24,B,8585
24,B,8586
24,B,8587
24,B,8588
24,B,8589
24,B,8590
24,B,8591
24,B,8592
24,B,8593
24,B,8594
24,B,8595
24,B,8596
24,B,8597
24,B,8598
24,B,8599
24,B,8600
24,B,8601
24,B,8602
24,B,8603
24,B,8604
24,B,8605
24,B,8606
24,B,8607
24,B,8608
24,B,8609
24,B,8610
24,B,8611
24,B,8612
24,B,8613
24,B,8614
24,B,8615
24,B,8616
24,B,8617
24,B,8618
24,B,8619
24,B,8620
24,B,8621
24,B,8622
24,B,8623
24,B,8624
24,B,8625
24,B,8626
24,B,8627
24,B,8628
24,B,8629
24,B,8630
24,B,8631
24,B,8632
24,B,8633
24,B,8634
24,B,8635
24,B,8636
24,B,8637
24,B,8638
24,B,8639
24,B,8640
24,B,8641
24,B,8642
24,B,8643
24,B,8644
24,B,8645
24,B,8646
24,B,8647
24,B,8648
24,B,8649
24,B,8650
24,B,8651
24,B,8652
24,B,8653
24,B,8654
24,B,8655
24,B,8656
24,B,8657
24,B,8658
24,B,8659
24,B,8660
24,B,8661
24,B,8662
24,B,8663
24,B,8664
24,B,8665
24,B,8666
24,B,8667
24,B,8668
24,B,8669
24,B,8670
24,B,8671
24,B,8672
24,B,8673
24,B,8674
24,B,8675
24,B,8676
24,B,8677
24,B,8678
24,B,8679
24,B,8680
24,B,8681
24,B,8682
24,B,8683
24,B,8684
24,B,8685
24,B,8686
24,B,8687
24,B,8688
24,B,8689
24,B,8690
24,B,8691
24,B,8692
24,B,8693
24,B,8694
24,B,8695
24,B,8696
24,B,8697
24,B,8698
24,B,8699
24,B,8700
24,B,8701
24,B,8702
24,B,8703
24,B,8704
24,B,8705
24,B,8706
24,B,8707
24,B,8708
24,B,8709
24,B,8710
24,B,8711
24,B,8712
24,B,8713
24,B,8714
24,B,8715
24,B,8716
24,B,8717
24,B,8718
24,B,8719
24,B,8720
24,B,8721
24,B,8722
24,B,8723
24,B,8724
24,B,8725
24,B,8726
24,B,8727
24,B,8728
24,B,8729
24,B,8730
24,B,8731
24,B,8732
24,B,8733
24,B,8734
24,B,8735
24,B,8736
24,B,8737
24,B,8738
24,B,8739
24,B,8740
24,B,8741
24,B,8742
24,B,8743
24,B,8744
24,B,8745
24,B,8746
24,B,8747
24,B,8748
24,B,8749
24,B,8750
24,B,8751
24,B,8752
24,B,8753
24,B,8754
24,B,8755
24,B,8756
24,B,8757
24,B,8758
24,B,8759
24,B,8760
24,B,8761
24,B,8762
24,B,8763
24,B,8764
24,B,8765
24,B,8766
24,B,8767
24,B,8768
24,B,8769
24,B,8770
24,B,8771
24,B,8772
24,B,8773
24,B,8774
24,B,8775
24,B,8776
24,B,8777
24,B,8778
24,B,8779
24,B,8780
24,B,8781
24,B,8782
24,B,8783
24,B,8784
24,B,8785
24,B,8786
24,B,8787
24,B,8788
24,B,8789
24,B,8790
24,B,8791
24,B,8792
24,B,8793
24,B,8794
24,B,8795
24,B,8796
24,B,8797
24,B,8798
24,B,8799
24,B,8800
24,B,8801
24,B,8802
24,B,8803
24,B,8804
24,B,8805
24,B,8806
24,B,8807
24,B,8808
24,B,8809
24,B,8810
24,B,8811
24,B,8812
24,B,8813
24,B,8814
24,B,8815
24,B,8816
24,B,8817
24,B,8818
24,B,8819
24,B,8820
24,B,8821
24,B,8822
24,B,8823
24,B,8824
24,B,8825
24,B,8826
24,B,8827
24,B,8828
24,B,8829
24,B,8830
24,B,8831
24,B,8832
24,B,8833
24,B,8834
24,B,8835
24,B,8836
24,B,8837
24,B,8838
24,B,8839
24,B,8840
24,B,8841
24,B,8842
24,B,8843
24,B,8844
24,B,8845
24,B,8846
24,B,8847
24,B,8848
24,B,8849
24,B,8850
24,B,8851
24,B,8852
24,B,8853
24,B,8854
24,B,8855
24,B,8856
24,B,8857
24,B,8858
24,B,8859
24,B,8860
24,B,8861
24,B,8862
24,B,8863
24,B,8864
24,B,8865
24,B,8866
24,B,8867
24,B,8868
24,B,8869
24,B,8870
24,B,8871
24,B,8872
24,B,8873
24,B,8874
24,B,8875
24,B,8876
24,B,8877
24,B,8878
24,B,8879
24,B,8880
24,B,8881
24,B,8882
24,B,8883
24,B,8884
24,B,8885
24,B,8886
24,B,8887
24,B,8888
24,B,8889
24,B,8890
24,B,8891
24,B,8892
24,B,8893
24,B,8894
24,B,8895
24,B,8896
24,B,8897
24,B,8898
24,B,8899
24,B,8900
24,B,8901
24,B,8902
24,B,8903
24,B,8904
24,B,8905
24,B,8906
24,B,8907
24,B,8908
24,B,8909
24,B,8910
24,B,8911
24,B,8912
24,B,8913
24,B,8914
24,B,8915
24,B,8916
24,B,8917
24,B,8918
24,B,8919
24,B,8920
24,B,8921
24,B,8922
24,B,8923
24,B,8924
24,B,8925
24,B,8926
24,B,8927
24,B,8928
24,B,8929
24,B,8930
24,B,8931
24,B,8932
24,B,8933
24,B,8934
24,B,8935
24,B,8936
24,B,8937
24,B,8938
24,B,8939
24,B,8940
24,B,8941
24,B,8942
24,B,8943
24,B,8944
24,B,8945
24,B,8946
24,B,8947
24,B,8948
24,B,8949
24,B,8950
24,B,8951
24,B,8952
24,B,8953
24,B,8954
24,B,8955
24,B,8956
24,B,8957
24,B,8958
24,B,8959
24,B,8960
24,B,8961
24,B,8962
24,B,8963
24,B,8964
24,B,8965
24,B,8966
24,B,8967
24,B,8968
24,B,8969
24,B,8970
24,B,8971
24,B,8972
24,B,8973
24,B,8974
24,B,8975
24,B,8976
24,B,8977
24,B,8978
24,B,8979
24,B,8980
24,B,8981
24,B,8982
24,B,8983
24,B,8984
24,B,8985
24,B,8986
24,B,8987
24,B,8988
24,B,8989
24,B,8990
24,B,8991
24,B,8992
24,B,8993
24,B,8994
24,B,8995
24,B,8996
24,B,8997
24,B,8998
24,B,8999
24,B,9000
24,B,9001
24,B,9002
24,B,9003
24,B,9004
24,B,9005
24,B,9006
24,B,9007
24,B,9008
24,B,9009
24,B,9010
24,B,9011
24,B,9012
24,B,9013
24,B,9014
24,B,9015
24,B,9016
24,B,9017
24,B,9018
24,B,9019
24,B,9020
24,B,9021
24,B,9022
24,B,9023
24,B,9024
24,B,9025
24,B,9026
24,B,9027
24,B,9028
24,B,9029
24,B,9030
24,B,9031
24,B,9032
24,B,9033
24,B,9034
24,B,9035
24,B,9036
24,B,9037
24,B,9038
24,B,9039
24,B,9040
24,B,9041
24,B,9042
24,B,9043
24,B,9044
24,B,9045
24,B,9046
24,B,9047
24,B,9048
24,B,9049
24,B,9050
24,B,9051
24,B,9052
24,B,9053
24,B,9054
24,B,9055
24,B,9056
24,B,9057
24,B,9058
24,B,9059
24,B,9060
24,B,9061
24,B,9062
24,B,9063
24,B,9064
24,B,9065
24,B,9066
24,B,9067
24,B,9068
24,B,9069
24,B,9070
24,B,9071
24,B,9072
24,B,9073
24,B,9074
24,B,9075
24,B,9076
24,B,9077
24,B,9078
24,B,9079
24,B,9080
24,B,9081
24,B,9082
24,B,9083
24,B,9084
24,B,9085
24,B,9086
24,B,9087
24,B,9088
24,B,9089
24,B,9090
24,B,9091
24,B,9092
24,B,9093
24,B,9094
24,B,9095
24,B,9096
24,B,9097
24,B,9098
24,B,9099
24,B,9100
24,B,9101
24,B,9102
24,B,9103
24,B,9104
24,B,9105
24,B,9106
24,B,9107
24,B,9108
24,B,9109
24,B,9110
24,B,9111
24,B,9112
24,B,9113
24,B,9114
24,B,9115
24,B,9116
24,B,9117
24,B,9118
24,B,9119
24,B,9120
24,B,9121
24,B,9122
24,B,9123
24,B,9124
24,B,9125
24,B,9126
24,B,9127
24,B,9128
24,B,9129
24,B,9130
24,B,9131
24,B,9132
24,B,9133
24,B,9134
24,B,9135
24,B,9136
24,B,9137
24,B,9138
24,B,9139
24,B,9140
24,B,9141
24,B,9142
24,B,9143
24,B,9144
24,B,9145
24,B,9146
24,B,9147
24,B,9148
24,B,9149
24,B,9150
24,B,9151
24,B,9152
24,B,9153
24,B,9154
24,B,9155
24,B,9156
24,B,9157
24,B,9158
24,B,9159
24,B,9160
24,B,9161
24,B,9162
24,B,9163
24,B,9164
24,B,9165
24,B,9166
24,B,9167
24,B,9168
24,B,9169
24,B,9170
24,B,9171
24,B,9172
24,B,9173
24,B,9174
24,B,9175
24,B,9176
24,B,9177
24,B,9178
24,B,9179
24,B,9180
24,B,9181
24,B,9182
24,B,9183
24,B,9184
24,B,9185
24,B,9186
24,B,9187
24,B,9188
24,B,9189
24,B,9190
24,B,9191
24,B,9192
24,B,9193
24,B,9194
24,B,9195
24,B,9196
24,B,9197
24,B,9198
24,B,9199
24,B,9200
24,B,9201
24,B,9202
24,B,9203
24,B,9204
24,B,9205
24,B,9206
24,B,9207
24,B,9208
24,B,9209
24,B,9210
24,B,9211
24,B,9212
24,B,9213
24,B,9214
24,B,9215
24,B,9216
24,B,9217
24,B,9218
24,B,9219
24,B,9220
24,B,9221
24,B,9222
24,B,9223
24,B,9224
24,B,9225
24,B,9226
24,B,9227
24,B,9228
24,B,9229
24,B,9230
24,B,9231
24,B,9232
24,B,9233
24,B,9234
24,B,9235
24,B,9236
24,B,9237
24,B,9238
24,B,9239
24,B,9240
24,B,9241
24,B,9242
24,B,9243
24,B,9244
24,B,9245
24,B,9246
24,B,9247
24,B,9248
24,B,9249
24,B,9250
24,B,9251
24,B,9252
24,B,9253
24,B,9254
24,B,9255
24,B,9256
24,B,9257
24,B,9258
24,B,9259
24,B,9260
24,B,9261
24,B,9262
24,B,9263
24,B,9264
24,B,9265
24,B,9266
24,B,9267
24,B,9268
24,B,9269
24,B,9270
24,B,9271
24,B,9272
24,B,9273
24,B,9274
24,B,9275
24,B,9276
24,B,9277
24,B,9278
24,B,9279
24,B,9280
24,B,9281
24,B,9282
24,B,9283
24,B,9284
24,B,9285
24,B,9286
24,B,9287
24,B,9288
24,B,9289
24,B,9290
24,B,9291
24,B,9292
24,B,9293
24,B,9294
24,B,9295
24,B,9296
24,B,9297
24,B,9298
24,B,9299
24,B,9300
24,B,9301
24,B,9302
24,B,9303
24,B,9304
24,B,9305
24,B,9306
24,B,9307
24,B,9308
24,B,9309
24,B,9310
24,B,9311
24,B,9312
24,B,9313
24,B,9314
24,B,9315
24,B,9316
24,B,9317
24,B,9318
24,B,9319
24,B,9320
24,B,9321
24,B,9322
24,B,9323
24,B,9324
24,B,9325
24,B,9326
24,B,9327
24,B,9328
24,B,9329
24,B,9330
24,B,9331
24,B,9332
24,B,9333
24,B,9334
24,B,9335
24,B,9336
24,B,9337
24,B,9338
24,B,9339
24,B,9340
24,B,9341
24,B,9342
24,B,9343
24,B,9344
24,B,9345
24,B,9346
24,B,9347
24,B,9348
24,B,9349
24,B,9350
24,B,9351
24,B,9352
24,B,9353
24,B,9354
24,B,9355
24,B,9356
24,B,9357
24,B,9358
24,B,9359
24,B,9360
24,B,9361
24,B,9362
24,B,9363
24,B,9364
24,B,9365
24,B,9366
24,B,9367
24,B,9368
24,B,9369
24,B,9370
24,B,9371
24,B,9372
24,B,9373
24,B,9374
24,B,9375
24,B,9376
24,B,9377
24,B,9378
24,B,9379
24,B,9380
24,B,9381
24,B,9382
24,B,9383
24,B,9384
24,B,9385
24,B,9386
24,B,9387
24,B,9388
24,B,9389
24,B,9390
24,B,9391
24,B,9392
24,B,9393
24,B,9394
24,B,9395
24,B,9396
24,B,9397
24,B,9398
24,B,9399
24,B,9400
24,B,9401
24,B,9402
24,B,9403
24,B,9404
24,B,9405
24,B,9406
24,B,9407
24,B,9408
24,B,9409
24,B,9410
24,B,9411
24,B,9412
24,B,9413
24,B,9414
24,B,9415
24,B,9416
24,B,9417
24,B,9418
24,B,9419
24,B,9420
24,B,9421
24,B,9422
24,B,9423
24,B,9424
24,B,9425
24,B,9426
24,B,9427
24,B,9428
24,B,9429
24,B,9430
24,B,9431
24,B,9432
24,B,9433
24,B,9434
24,B,9435
24,B,9436
24,B,9437
24,B,9438
24,B,9439
24,B,9440
24,B,9441
24,B,9442
24,B,9443
24,B,9444
24,B,9445
24,B,9446
24,B,9447
24,B,9448
24,B,9449
24,B,9450
24,B,9451
24,B,9452
24,B,9453
24,B,9454
24,B,9455
24,B,9456
24,B,9457
24,B,9458
24,B,9459
24,B,9460
24,B,9461
24,B,9462
24,B,9463
24,B,9464
24,B,9465
24,B,9466
24,B,9467
24,B,9468
24,B,9469
24,B,9470
24,B,9471
24,B,9472
24,B,9473
24,B,9474
24,B,9475
24,B,9476
24,B,9477
24,B,9478
24,B,9479
24,B,9480
24,B,9481
24,B,9482
24,B,9483
24,B,9484
24,B,9485
24,B,9486
24,B,9487
24,B,9488
24,B,9489
24,B,9490
24,B,9491
24,B,9492
24,B,9493
24,B,9494
24,B,9495
24,B,9496
24,B,9497
24,B,9498
24,B,9499
24,B,9500
24,B,9501
24,B,9502
24,B,9503
24,B,9504
24,B,9505
24,B,9506
24,B,9507
24,B,9508
24,B,9509
24,B,9510
24,B,9511
24,B,9512
24,B,9513
24,B,9514
24,B,9515
24,B,9516
24,B,9517
24,B,9518
24,B,9519
24,B,9520
24,B,9521
24,B,9522
24,B,9523
24,B,9524
24,B,9525
24,B,9526
24,B,9527
24,B,9528
24,B,9529
24,B,9530
24,B,9531
24,B,9532
24,B,9533
24,B,9534
24,B,9535
24,B,9536
24,B,9537
24,B,9538
24,B,9539
24,B,9540
24,B,9541
24,B,9542
24,B,9543
24,B,9544
24,B,9545
24,B,9546
24,B,9547
24,B,9548
24,B,9549
24,B,9550
24,B,9551
24,B,9552
24,B,9553
24,B,9554
24,B,9555
24,B,9556
24,B,9557
24,B,9558
24,B,9559
24,B,9560
24,B,9561
24,B,9562
24,B,9563
24,B,9564
24,B,9565
24,B,9566
24,B,9567
24,B,9568
24,B,9569
24,B,9570
24,B,9571
24,B,9572
24,B,9573
24,B,9574
24,B,9575
24,B,9576
24,B,9577
24,B,9578
24,B,9579
24,B,9580
24,B,9581
24,B,9582
24,B,9583
24,B,9584
24,B,9585
24,B,9586
24,B,9587
24,B,9588
24,B,9589
24,B,9590
24,B,9591
24,B,9592
24,B,9593
24,B,9594
24,B,9595
24,B,9596
24,B,9597
24,B,9598
24,B,9599
24,B,9600
24,B,9601
24,B,9602
24,B,9603
24,B,9604
24,B,9605
24,B,9606
24,B,9607
24,B,9608
24,B,9609
24,B,9610
24,B,9611
24,B,9612
24,B,9613
24,B,9614
24,B,9615
24,B,9616
24,B,9617
24,B,9618
24,B,9619
24,B,9620
24,B,9621
24,B,9622
24,B,9623
24,B,9624
24,B,9625
24,B,9626
24,B,9627
24,B,9628
24,B,9629
24,B,9630
24,B,9631
24,B,9632
24,B,9633
24,B,9634
24,B,9635
24,B,9636
24,B,9637
24,B,9638
24,B,9639
24,B,9640
24,B,9641
24,B,9642
24,B,9643
24,B,9644
24,B,9645
24,B,9646
24,B,9647
24,B,9648
24,B,9649
24,B,9650
24,B,9651
24,B,9652
24,B,9653
24,B,9654
24,B,9655
24,B,9656
24,B,9657
24,B,9658
24,B,9659
24,B,9660
24,B,9661
24,B,9662
24,B,9663
24,B,9664
24,B,9665
24,B,9666
24,B,9667
24,B,9668
24,B,9669
24,B,9670
24,B,9671
24,B,9672
24,B,9673
24,B,9674
24,B,9675
24,B,9676
24,B,9677
24,B,9678
24,B,9679
24,B,9680
24,B,9681
24,B,9682
24,B,9683
24,B,9684
24,B,9685
24,B,9686
24,B,9687
24,B,9688
24,B,9689
24,B,9690
24,B,9691
24,B,9692
24,B,9693
24,B,9694
24,B,9695
24,B,9696
24,B,9697
24,B,9698
24,B,9699
24,B,9700
24,B,9701
24,B,9702
24,B,9703
24,B,9704
24,B,9705
24,B,9706
24,B,9707
24,B,9708
24,B,9709
24,B,9710
24,B,9711
24,B,9712
24,B,9713
24,B,9714
24,B,9715
24,B,9716
24,B,9717
24,B,9718
24,B,9719
24,B,9720
24,B,9721
24,B,9722
24,B,9723
24,B,9724
24,B,9725
24,B,9726
24,B,9727
24,B,9728
24,B,9729
24,B,9730
24,B,9731
24,B,9732
24,B,9733
24,B,9734
24,B,9735
24,B,9736
24,B,9737
24,B,9738
24,B,9739
24,B,9740
24,B,9741
24,B,9742
24,B,9743
24,B,9744
24,B,9745
24,B,9746
24,B,9747
24,B,9748
24,B,9749
24,B,9750
24,B,9751
24,B,9752
24,B,9753
24,B,9754
24,B,9755
24,B,9756
24,B,9757
24,B,9758
24,B,9759
24,B,9760
24,B,9761
24,B,9762
24,B,9763
24,B,9764
24,B,9765
24,B,9766
24,B,9767
24,B,9768
24,B,9769
24,B,9770
24,B,9771
24,B,9772
24,B,9773
24,B,9774
24,B,9775
24,B,9776
24,B,9777
24,B,9778
24,B,9779
24,B,9780
24,B,9781
24,B,9782
24,B,9783
24,B,9784
24,B,9785
24,B,9786
24,B,9787
24,B,9788
24,B,9789
24,B,9790
24,B,9791
24,B,9792
24,B,9793
24,B,9794
24,B,9795
24,B,9796
24,B,9797
24,B,9798
24,B,9799
24,B,9800
24,B,9801
24,B,9802
24,B,9803
24,B,9804
24,B,9805
24,B,9806
24,B,9807
24,B,9808
24,B,9809
24,B,9810
24,B,9811
24,B,9812
24,B,9813
24,B,9814
24,B,9815
24,B,9816
24,B,9817
24,B,9818
24,B,9819
24,B,9820
24,B,9821
24,B,9822
24,B,9823
24,B,9824
24,B,9825
24,B,9826
24,B,9827
24,B,9828
24,B,9829
24,B,9830
24,B,9831
24,B,9832
24,B,9833
24,B,9834
24,B,9835
24,B,9836
24,B,9837
24,B,9838
24,B,9839
24,B,9840
24,B,9841
24,B,9842
24,B,9843
24,B,9844
24,B,9845
24,B,9846
24,B,9847
24,B,9848
24,B,9849
24,B,9850
24,B,9851
24,B,9852
24,B,9853
24,B,9854
24,B,9855
24,B,9856
24,B,9857
24,B,9858
24,B,9859
24,B,9860
24,B,9861
24,B,9862
24,B,9863
24,B,9864
24,B,9865
24,B,9866
24,B,9867
24,B,9868
24,B,9869
24,B,9870
24,B,9871
24,B,9872
24,B,9873
24,B,9874
24,B,9875
24,B,9876
24,B,9877
24,B,9878
24,B,9879
24,B,9880
24,B,9881
24,B,9882
24,B,9883
24,B,9884
24,B,9885
24,B,9886
24,B,9887
24,B,9888
24,B,9889
24,B,9890
24,B,9891
24,B,9892
24,B,9893
24,B,9894
24,B,9895
24,B,9896
24,B,9897
24,B,9898
24,B,9899
24,B,9900
24,B,9901
24,B,9902
24,B,9903
24,B,9904
24,B,9905
24,B,9906
24,B,9907
24,B,9908
24,B,9909
24,B,9910
24,B,9911
24,B,9912
24,B,9913
24,B,9914
24,B,9915
24,B,9916
24,B,9917
24,B,9918
24,B,9919
24,B,9920
24,B,9921
24,B,9922
24,B,9923
24,B,9924
24,B,9925
24,B,9926
24,B,9927
24,B,9928
24,B,9929
24,B,9930
24,B,9931
24,B,9932
24,B,9933
24,B,9934
24,B,9935
24,B,9936
24,B,9937
24,B,9938
24,B,9939
24,B,9940
24,B,9941
24,B,9942
24,B,9943
24,B,9944
24,B,9945
24,B,9946
24,B,9947
24,B,9948
24,B,9949
24,B,9950
24,B,9951
24,B,9952
24,B,9953
24,B,9954
24,B,9955
24,B,9956
24,B,9957
24,B,9958
24,B,9959
24,B,9960
24,B,9961
24,B,9962
24,B,9963
24,B,9964
24,B,9965
24,B,9966
24,B,9967
24,B,9968
24,B,9969
24,B,9970
24,B,9971
24,B,9972
24,B,9973
24,B,9974
24,B,9975
24,B,9976
24,B,9977
24,B,9978
24,B,9979
24,B,9980
24,B,9981
24,B,9982
24,B,9983
24,B,9984
24,B,9985
24,B,9986
24,B,9987
24,B,9988
24,B,9989
24,B,9990
24,B,9991
24,B,9992
24,B,9993
24,B,9994
24,B,9995
24,B,9996
24,B,9997
24,B,9998
24,B,9999
24,B,10000
24,B,10001
24,B,10002
24,B,10003
24,B,10004
24,B,10005
24,B,10006
24,B,10007
24,B,10008
24,B,10009
24,B,10010
24,B,10011
24,B,10012
24,B,10013
24,B,10014
24,B,10015
24,B,10016
24,B,10017
24,B,10018
24,B,10019
24,B,10020
24,B,10021
24,B,10022
24,B,10023
24,B,10024
24,B,10025
24,B,10026
24,B,10027
24,B,10028
24,B,10029
24,B,10030
24,B,10031
24,B,10032
24,B,10033
24,B,10034
24,B,10035
24,B,10036
24,B,10037
24,B,10038
24,B,10039
24,B,10040
24,B,10041
24,B,10042
24,B,10043
24,B,10044
24,B,10045
24,B,10046
24,B,10047
24,B,10048
24,B,10049
24,B,10050
24,B,10051
24,B,10052
24,B,10053
24,B,10054
24,B,10055
24,B,10056
24,B,10057
24,B,10058
24,B,10059
24,B,10060
24,B,10061
24,B,10062
24,B,10063
24,B,10064
24,B,10065
24,B,10066
24,B,10067
24,B,10068
24,B,10069
24,B,10070
24,B,10071
24,B,10072
24,B,10073
24,B,10074
24,B,10075
24,B,10076
24,B,10077
24,B,10078
24,B,10079
24,B,10080
24,B,10081
24,B,10082
24,B,10083
24,B,10084
24,B,10085
24,B,10086
24,B,10087
24,B,10088
24,B,10089
24,B,10090
24,B,10091
24,B,10092
24,B,10093
24,B,10094
24,B,10095
24,B,10096
24,B,10097
24,B,10098
24,B,10099
24,B,10100
24,B,10101
24,B,10102
24,B,10103
24,B,10104
24,B,10105
24,B,10106
24,B,10107
24,B,10108
24,B,10109
24,B,10110
24,B,10111
24,B,10112
24,B,10113
24,B,10114
24,B,10115
24,B,10116
24,B,10117
24,B,10118
24,B,10119
24,B,10120
24,B,10121
24,B,10122
24,B,10123
24,B,10124
24,B,10125
24,B,10126
24,B,10127
24,B,10128
24,B,10129
24,B,10130
24,B,10131
24,B,10132
24,B,10133
24,B,10134
24,B,10135
24,B,10136
24,B,10137
24,B,10138
24,B,10139
24,B,10140
24,B,10141
24,B,10142
24,B,10143
24,B,10144
24,B,10145
24,B,10146
24,B,10147
24,B,10148
24,B,10149
24,B,10150
24,B,10151
24,B,10152
24,B,10153
24,B,10154
24,B,10155
24,B,10156
24,B,10157
24,B,10158
24,B,10159
24,B,10160
24,B,10161
24,B,10162
24,B,10163
24,B,10164
24,B,10165
24,B,10166
24,B,10167
24,B,10168
24,B,10169
24,B,10170
24,B,10171
24,B,10172
24,B,10173
24,B,10174
24,B,10175
24,B,10176
24,B,10177
24,B,10178
24,B,10179
24,B,10180
24,B,10181
24,B,10182
24,B,10183
24,B,10184
24,B,10185
24,B,10186
24,B,10187
24,B,10188
24,B,10189
24,B,10190
24,B,10191
24,B,10192
24,B,10193
24,B,10194
24,B,10195
24,B,10196
24,B,10197
24,B,10198
24,B,10199
24,B,10200
24,B,10201
24,B,10202
24,B,10203
24,B,10204
24,B,10205
24,B,10206
24,B,10207
24,B,10208
24,B,10209
24,B,10210
24,B,10211
24,B,10212
24,B,10213
24,B,10214
24,B,10215
24,B,10216
24,B,10217
24,B,10218
24,B,10219
24,B,10220
24,B,10221
24,B,10222
24,B,10223
24,B,10224
24,B,10225
24,B,10226
24,B,10227
24,B,10228
24,B,10229
24,B,10230
24,B,10231
24,B,10232
24,B,10233
24,B,10234
24,B,10235
24,B,10236
24,B,10237
24,B,10238
24,B,10239
24,B,10240
24,B,10241
24,B,10242
24,B,10243
24,B,10244
24,B,10245
24,B,10246
24,B,10247
24,B,10248
24,B,10249
24,B,10250
24,B,10251
24,B,10252
24,B,10253
24,B,10254
24,B,10255
24,B,10256
24,B,10257
24,B,10258
24,B,10259
24,B,10260
24,B,10261
24,B,10262
24,B,10263
24,B,10264
24,B,10265
24,B,10266
24,B,10267
24,B,10268
24,B,10269
24,B,10270
24,B,10271
24,B,10272
24,B,10273
24,B,10274
24,B,10275
24,B,10276
24,B,10277
24,B,10278
24,B,10279
24,B,10280
24,B,10281
24,B,10282
24,B,10283
24,B,10284
24,B,10285
24,B,10286
24,B,10287
24,B,10288
24,B,10289
24,B,10290
24,B,10291
24,B,10292
24,B,10293
24,B,10294
24,B,10295
24,B,10296
24,B,10297
24,B,10298
24,B,10299
24,B,10300
24,B,10301
24,B,10302
24,B,10303
24,B,10304
24,B,10305
24,B,10306
24,B,10307
24,B,10308
24,B,10309
24,B,10310
24,B,10311
24,B,10312
24,B,10313
24,B,10314
24,B,10315
24,B,10316
24,B,10317
24,B,10318
24,B,10319
24,B,10320
24,B,10321
24,B,10322
24,B,10323
24,B,10324
24,B,10325
24,B,10326
24,B,10327
24,B,10328
24,B,10329
24,B,10330
24,B,10331
24,B,10332
24,B,10333
24,B,10334
24,B,10335
24,B,10336
24,B,10337
24,B,10338
24,B,10339
24,B,10340
24,B,10341
24,B,10342
24,B,10343
24,B,10344
24,B,10345
24,B,10346
24,B,10347
24,B,10348
24,B,10349
24,B,10350
24,B,10351
24,B,10352
24,B,10353
24,B,10354
24,B,10355
24,B,10356
24,B,10357
24,B,10358
24,B,10359
24,B,10360
24,B,10361
24,B,10362
24,B,10363
24,B,10364
24,B,10365
24,B,10366
24,B,10367
24,B,10368
24,B,10369
24,B,10370
24,B,10371
24,B,10372
24,B,10373
24,B,10374
24,B,10375
24,B,10376
24,B,10377
24,B,10378
24,B,10379
24,B,10380
24,B,10381
24,B,10382
24,B,10383
24,B,10384
24,B,10385
24,B,10386
24,B,10387
24,B,10388
24,B,10389
24,B,10390
24,B,10391
24,B,10392
24,B,10393
24,B,10394
24,B,10395
24,B,10396
24,B,10397
24,B,10398
24,B,10399
24,B,10400
24,B,10401
24,B,10402
24,B,10403
24,B,10404
24,B,10405
24,B,10406
24,B,10407
24,B,10408
24,B,10409
24,B,10410
24,B,10411
24,B,10412
24,B,10413
24,B,10414
24,B,10415
24,B,10416
24,B,10417
24,B,10418
24,B,10419
24,B,10420
24,B,10421
24,B,10422
24,B,10423
24,B,10424
24,B,10425
24,B,10426
24,B,10427
24,B,10428
24,B,10429
24,B,10430
24,B,10431
24,B,10432
24,B,10433
24,B,10434
24,B,10435
24,B,10436
24,B,10437
24,B,10438
24,B,10439
24,B,10440
24,B,10441
24,B,10442
24,B,10443
24,B,10444
24,B,10445
24,B,10446
24,B,10447
24,B,10448
24,B,10449
24,B,10450
24,B,10451
24,B,10452
24,B,10453
24,B,10454
24,B,10455
24,B,10456
24,B,10457
24,B,10458
24,B,10459
24,B,10460
24,B,10461
24,B,10462
24,B,10463
24,B,10464
24,B,10465
24,B,10466
24,B,10467
24,B,10468
24,B,10469
24,B,10470
24,B,10471
24,B,10472
24,B,10473
24,B,10474
24,B,10475
24,B,10476
24,B,10477
24,B,10478
24,B,10479
24,B,10480
24,B,10481
24,B,10482
24,B,10483
24,B,10484
24,B,10485
24,B,10486
24,B,10487
24,B,10488
24,B,10489
24,B,10490
24,B,10491
24,B,10492
24,B,10493
24,B,10494
24,B,10495
24,B,10496
24,B,10497
24,B,10498
24,B,10499
24,B,10500
24,B,10501
24,B,10502
24,B,10503
24,B,10504
24,B,10505
24,B,10506
24,B,10507
24,B,10508
24,B,10509
24,B,10510
24,B,10511
24,B,10512
24,B,10513
24,B,10514
24,B,10515
24,B,10516
24,B,10517
24,B,10518
24,B,10519
24,B,10520
24,B,10521
24,B,10522
24,B,10523
24,B,10524
24,B,10525
24,B,10526
24,B,10527
24,B,10528
24,B,10529
24,B,10530
24,B,10531
24,B,10532
24,B,10533
24,B,10534
24,B,10535
24,B,10536
24,B,10537
24,B,10538
24,B,10539
24,B,10540
24,B,10541
24,B,10542
24,B,10543
24,B,10544
24,B,10545
24,B,10546
24,B,10547
24,B,10548
24,B,10549
24,B,10550
24,B,10551
24,B,10552
24,B,10553
24,B,10554
24,B,10555
24,B,10556
24,B,10557
24,B,10558
24,B,10559
24,B,10560
24,B,10561
24,B,10562
24,B,10563
24,B,10564
24,B,10565
24,B,10566
24,B,10567
24,B,10568
24,B,10569
24,B,10570
24,B,10571
24,B,10572
24,B,10573
24,B,10574
24,B,10575
24,B,10576
24,B,10577
24,B,10578
24,B,10579
24,B,10580
24,B,10581
24,B,10582
24,B,10583
24,B,10584
24,B,10585
24,B,10586
24,B,10587
24,B,10588
24,B,10589
24,B,10590
24,B,10591
24,B,10592
24,B,10593
24,B,10594
24,B,10595
24,B,10596
24,B,10597
24,B,10598
24,B,10599
24,B,10600
24,B,10601
24,B,10602
24,B,10603
24,B,10604
24,B,10605
24,B,10606
24,B,10607
24,B,10608
24,B,10609
24,B,10610
24,B,10611
24,B,10612
24,B,10613
24,B,10614
24,B,10615
24,B,10616
24,B,10617
24,B,10618
24,B,10619
24,B,10620
24,B,10621
24,B,10622
24,B,10623
24,B,10624
24,B,10625
24,B,10626
24,B,10627
24,B,10628
24,B,10629
24,B,10630
24,B,10631
24,B,10632
24,B,10633
24,B,10634
24,B,10635
24,B,10636
24,B,10637
24,B,10638
24,B,10639
24,B,10640
24,B,10641
24,B,10642
24,B,10643
24,B,10644
24,B,10645
24,B,10646
24,B,10647
24,B,10648
24,B,10649
24,B,10650
24,B,10651
24,B,10652
24,B,10653
24,B,10654
24,B,10655
24,B,10656
24,B,10657
24,B,10658
24,B,10659
24,B,10660
24,B,10661
24,B,10662
24,B,10663
24,B,10664
24,B,10665
24,B,10666
24,B,10667
24,B,10668
24,B,10669
24,B,10670
24,B,10671
24,B,10672
24,B,10673
24,B,10674
24,B,10675
24,B,10676
24,B,10677
24,B,10678
24,B,10679
24,B,10680
24,B,10681
24,B,10682
24,B,10683
24,B,10684
24,B,10685
24,B,10686
24,B,10687
24,B,10688
24,B,10689
24,B,10690
24,B,10691
24,B,10692
24,B,10693
24,B,10694
24,B,10695
24,B,10696
24,B,10697
24,B,10698
24,B,10699
24,B,10700
24,B,10701
24,B,10702
24,B,10703
24,B,10704
24,B,10705
24,B,10706
24,B,10707
24,B,10708
24,B,10709
24,B,10710
24,B,10711
24,B,10712
24,B,10713
24,B,10714
24,B,10715
24,B,10716
24,B,10717
24,B,10718
24,B,10719
24,B,10720
24,B,10721
24,B,10722
24,B,10723
24,B,10724
24,B,10725
24,B,10726
24,B,10727
24,B,10728
24,B,10729
24,B,10730
24,B,10731
24,B,10732
24,B,10733
24,B,10734
24,B,10735
24,B,10736
24,B,10737
24,B,10738
24,B,10739
24,B,10740
24,B,10741
24,B,10742
24,B,10743
24,B,10744
24,B,10745
24,B,10746
24,B,10747
24,B,10748
24,B,10749
24,B,10750
24,B,10751
24,B,10752
24,B,10753
24,B,10754
24,B,10755
24,B,10756
24,B,10757
24,B,10758
24,B,10759
24,B,10760
24,B,10761
24,B,10762
24,B,10763
24,B,10764
24,B,10765
24,B,10766
24,B,10767
24,B,10768
24,B,10769
24,B,10770
24,B,10771
24,B,10772
24,B,10773
24,B,10774
24,B,10775
24,B,10776
24,B,10777
24,B,10778
24,B,10779
24,B,10780
24,B,10781
24,B,10782
24,B,10783
24,B,10784
24,B,10785
24,B,10786
24,B,10787
24,B,10788
24,B,10789
24,B,10790
24,B,10791
24,B,10792
24,B,10793
24,B,10794
24,B,10795
24,B,10796
24,B,10797
24,B,10798
24,B,10799
24,B,10800
24,B,10801
24,B,10802
24,B,10803
24,B,10804
24,B,10805
24,B,10806
24,B,10807
24,B,10808
24,B,10809
24,B,10810
24,B,10811
24,B,10812
24,B,10813
24,B,10814
24,B,10815
24,B,10816
24,B,10817
24,B,10818
24,B,10819
24,B,10820
24,B,10821
24,B,10822
24,B,10823
24,B,10824
24,B,10825
24,B,10826
24,B,10827
24,B,10828
24,B,10829
24,B,10830
24,B,10831
24,B,10832
24,B,10833
24,B,10834
24,B,10835
24,B,10836
24,B,10837
24,B,10838
24,B,10839
24,B,10840
24,B,10841
24,B,10842
24,B,10843
24,B,10844
24,B,10845
24,B,10846
24,B,10847
24,B,10848
24,B,10849
24,B,10850
24,B,10851
24,B,10852
24,B,10853
24,B,10854
24,B,10855
24,B,10856
24,B,10857
24,B,10858
24,B,10859
24,B,10860
24,B,10861
24,B,10862
24,B,10863
24,B,10864
24,B,10865
24,B,10866
24,B,10867
24,B,10868
24,B,10869
24,B,10870
24,B,10871
24,B,10872
24,B,10873
24,B,10874
24,B,10875
24,B,10876
24,B,10877
24,B,10878
24,B,10879
24,B,10880
24,B,10881
24,B,10882
24,B,10883
24,B,10884
24,B,10885
24,B,10886
24,B,10887
24,B,10888
24,B,10889
24,B,10890
24,B,10891
24,B,10892
24,B,10893
24,B,10894
24,B,10895
24,B,10896
24,B,10897
24,B,10898
24,B,10899
24,B,10900
24,B,10901
24,B,10902
24,B,10903
24,B,10904
24,B,10905
24,B,10906
24,B,10907
24,B,10908
24,B,10909
24,B,10910
24,B,10911
24,B,10912
24,B,10913
24,B,10914
24,B,10915
24,B,10916
24,B,10917
24,B,10918
24,B,10919
24,B,10920
24,B,10921
24,B,10922
24,B,10923
24,B,10924
24,B,10925
24,B,10926
24,B,10927
24,B,10928
24,B,10929
24,B,10930
24,B,10931
24,B,10932
24,B,10933
24,B,10934
24,B,10935
24,B,10936
24,B,10937
24,B,10938
24,B,10939
24,B,10940
24,B,10941
24,B,10942
24,B,10943
24,B,10944
24,B,10945
24,B,10946
24,B,10947
24,B,10948
24,B,10949
24,B,10950
24,B,10951
24,B,10952
24,B,10953
24,B,10954
24,B,10955
24,B,10956
24,B,10957
24,B,10958
24,B,10959
24,B,10960
24,B,10961
24,B,10962
24,B,10963
24,B,10964
24,B,10965
24,B,10966
24,B,10967
24,B,10968
24,B,10969
24,B,10970
24,B,10971
24,B,10972
24,B,10973
24,B,10974
24,B,10975
24,B,10976
24,B,10977
24,B,10978
24,B,10979
24,B,10980
24,B,10981
24,B,10982
24,B,10983
24,B,10984
24,B,10985
24,B,10986
24,B,10987
24,B,10988
24,B,10989
24,B,10990
24,B,10991
24,B,10992
24,B,10993
24,B,10994
24,B,10995
24,B,10996
24,B,10997
24,B,10998
24,B,10999
24,B,11000
24,B,11001
24,B,11002
24,B,11003
24,B,11004
24,B,11005
24,B,11006
24,B,11007
24,B,11008
24,B,11009
24,B,11010
24,B,11011
24,B,11012
24,B,11013
24,B,11014
24,B,11015
24,B,11016
24,B,11017
24,B,11018
24,B,11019
24,B,11020
24,B,11021
24,B,11022
24,B,11023
24,B,11024
24,B,11025
24,B,11026
24,B,11027
24,B,11028
24,B,11029
24,B,11030
24,B,11031
24,B,11032
24,B,11033
24,B,11034
24,B,11035
24,B,11036
24,B,11037
24,B,11038
24,B,11039
24,B,11040
24,B,11041
24,B,11042
24,B,11043
24,B,11044
24,B,11045
24,B,11046
24,B,11047
24,B,11048
24,B,11049
24,B,11050
24,B,11051
24,B,11052
24,B,11053
24,B,11054
24,B,11055
24,B,11056
24,B,11057
24,B,11058
24,B,11059
24,B,11060
24,B,11061
24,B,11062
24,B,11063
24,B,11064
24,B,11065
24,B,11066
24,B,11067
24,B,11068
24,B,11069
24,B,11070
24,B,11071
24,B,11072
24,B,11073
24,B,11074
24,B,11075
24,B,11076
24,B,11077
24,B,11078
24,B,11079
24,B,11080
24,B,11081
24,B,11082
24,B,11083
24,B,11084
24,B,11085
24,B,11086
24,B,11087
24,B,11088
24,B,11089
24,B,11090
24,B,11091
24,B,11092
24,B,11093
24,B,11094
24,B,11095
24,B,11096
24,B,11097
24,B,11098
24,B,11099
24,B,11100
24,B,11101
24,B,11102
24,B,11103
24,B,11104
24,B,11105
24,B,11106
24,B,11107
24,B,11108
24,B,11109
24,B,11110
24,B,11111
24,B,11112
24,B,11113
24,B,11114
24,B,11115
24,B,11116
24,B,11117
24,B,11118
24,B,11119
24,B,11120
24,B,11121
24,B,11122
24,B,11123
24,B,11124
24,B,11125
24,B,11126
24,B,11127
24,B,11128
24,B,11129
24,B,11130
24,B,11131
24,B,11132
24,B,11133
24,B,11134
24,B,11135
24,B,11136
24,B,11137
24,B,11138
24,B,11139
24,B,11140
24,B,11141
24,B,11142
24,B,11143
24,B,11144
24,B,11145
24,B,11146
24,B,11147
24,B,11148
24,B,11149
24,B,11150
24,B,11151
24,B,11152
24,B,11153
24,B,11154
24,B,11155
24,B,11156
24,B,11157
24,B,11158
24,B,11159
24,B,11160
24,B,11161
24,B,11162
24,B,11163
24,B,11164
24,B,11165
24,B,11166
24,B,11167
24,B,11168
24,B,11169
24,B,11170
24,B,11171
24,B,11172
24,B,11173
24,B,11174
24,B,11175
24,B,11176
24,B,11177
24,B,11178
24,B,11179
24,B,11180
24,B,11181
24,B,11182
24,B,11183
24,B,11184
24,B,11185
24,B,11186
24,B,11187
24,B,11188
24,B,11189
24,B,11190
24,B,11191
24,B,11192
24,B,11193
24,B,11194
24,B,11195
24,B,11196
24,B,11197
24,B,11198
24,B,11199
24,B,11200
24,B,11201
24,B,11202
24,B,11203
24,B,11204
24,B,11205
24,B,11206
24,B,11207
24,B,11208
24,B,11209
24,B,11210
24,B,11211
24,B,11212
24,B,11213
24,B,11214
24,B,11215
24,B,11216
24,B,11217
24,B,11218
24,B,11219
24,B,11220
24,B,11221
24,B,11222
24,B,11223
24,B,11224
24,B,11225
24,B,11226
24,B,11227
24,B,11228
24,B,11229
24,B,11230
24,B,11231
24,B,11232
24,B,11233
24,B,11234
24,B,11235
24,B,11236
24,B,11237
24,B,11238
24,B,11239
24,B,11240
24,B,11241
24,B,11242
24,B,11243
24,B,11244
24,B,11245
24,B,11246
24,B,11247
24,B,11248
24,B,11249
24,B,11250
24,B,11251
24,B,11252
24,B,11253
24,B,11254
24,B,11255
24,B,11256
24,B,11257
24,B,11258
24,B,11259
24,B,11260
24,B,11261
24,B,11262
24,B,11263
24,B,11264
24,B,11265
24,B,11266
24,B,11267
24,B,11268
24,B,11269
24,B,11270
24,B,11271
24,B,11272
24,B,11273
24,B,11274
24,B,11275
24,B,11276
24,B,11277
24,B,11278
24,B,11279
24,B,11280
24,B,11281
24,B,11282
24,B,11283
24,B,11284
24,B,11285
24,B,11286
24,B,11287
24,B,11288
24,B,11289
24,B,11290
24,B,11291
24,B,11292
24,B,11293
24,B,11294
24,B,11295
24,B,11296
24,B,11297
24,B,11298
24,B,11299
24,B,11300
24,B,11301
24,B,11302
24,B,11303
24,B,11304
24,B,11305
24,B,11306
24,B,11307
24,B,11308
24,B,11309
24,B,11310
24,B,11311
24,B,11312
24,B,11313
24,B,11314
24,B,11315
24,B,11316
24,B,11317
24,B,11318
24,B,11319
24,B,11320
24,B,11321
24,B,11322
24,B,11323
24,B,11324
24,B,11325
24,B,11326
24,B,11327
24,B,11328
24,B,11329
24,B,11330
24,B,11331
24,B,11332
24,B,11333
24,B,11334
24,B,11335
24,B,11336
24,B,11337
24,B,11338
24,B,11339
24,B,11340
24,B,11341
24,B,11342
24,B,11343
24,B,11344
24,B,11345
24,B,11346
24,B,11347
24,B,11348
24,B,11349
24,B,11350
24,B,11351
24,B,11352
24,B,11353
24,B,11354
24,B,11355
24,B,11356
24,B,11357
24,B,11358
24,B,11359
24,B,11360
24,B,11361
24,B,11362
24,B,11363
24,B,11364
24,B,11365
24,B,11366
24,B,11367
24,B,11368
24,B,11369
24,B,11370
24,B,11371
24,B,11372
24,B,11373
24,B,11374
24,B,11375
24,B,11376
24,B,11377
24,B,11378
24,B,11379
24,B,11380
24,B,11381
24,B,11382
24,B,11383
24,B,11384
24,B,11385
24,B,11386
24,B,11387
24,B,11388
24,B,11389
24,B,11390
24,B,11391
24,B,11392
24,B,11393
24,B,11394
24,B,11395
24,B,11396
24,B,11397
24,B,11398
24,B,11399
24,B,11400
24,B,11401
24,B,11402
24,B,11403
24,B,11404
24,B,11405
24,B,11406
24,B,11407
24,B,11408
24,B,11409
24,B,11410
24,B,11411
24,B,11412
24,B,11413
24,B,11414
24,B,11415
24,B,11416
24,B,11417
24,B,11418
24,B,11419
24,B,11420
24,B,11421
24,B,11422
24,B,11423
24,B,11424
24,B,11425
24,B,11426
24,B,11427
24,B,11428
24,B,11429
24,B,11430
24,B,11431
24,B,11432
24,B,11433
24,B,11434
24,B,11435
24,B,11436
24,B,11437
24,B,11438
24,B,11439
24,B,11440
24,B,11441
24,B,11442
24,B,11443
24,B,11444
24,B,11445
24,B,11446
24,B,11447
24,B,11448
24,B,11449
24,B,11450
24,B,11451
24,B,11452
24,B,11453
24,B,11454
24,B,11455
24,B,11456
24,B,11457
24,B,11458
24,B,11459
24,B,11460
24,B,11461
24,B,11462
24,B,11463
24,B,11464
24,B,11465
24,B,11466
24,B,11467
24,B,11468
24,B,11469
24,B,11470
24,B,11471
24,B,11472
24,B,11473
24,B,11474
24,B,11475
24,B,11476
24,B,11477
24,B,11478
24,B,11479
24,B,11480
24,B,11481
24,B,11482
24,B,11483
24,B,11484
24,B,11485
24,B,11486
24,B,11487
24,B,11488
24,B,11489
24,B,11490
24,B,11491
24,B,11492
24,B,11493
24,B,11494
24,B,11495
24,B,11496
24,B,11497
24,B,11498
24,B,11499
24,B,11500
24,B,11501
24,B,11502
24,B,11503
24,B,11504
24,B,11505
24,B,11506
24,B,11507
24,B,11508
24,B,11509
24,B,11510
24,B,11511
24,B,11512
24,B,11513
24,B,11514
24,B,11515
24,B,11516
24,B,11517
24,B,11518
24,B,11519
24,B,11520
24,B,11521
24,B,11522
24,B,11523
24,B,11524
24,B,11525
24,B,11526
24,B,11527
24,B,11528
24,B,11529
24,B,11530
24,B,11531
24,B,11532
24,B,11533
24,B,11534
24,B,11535
24,B,11536
24,B,11537
24,B,11538
24,B,11539
24,B,11540
24,B,11541
24,B,11542
24,B,11543
24,B,11544
24,B,11545
24,B,11546
24,B,11547
24,B,11548
24,B,11549
24,B,11550
24,B,11551
24,B,11552
24,B,11553
24,B,11554
24,B,11555
24,B,11556
24,B,11557
24,B,11558
24,B,11559
24,B,11560
24,B,11561
24,B,11562
24,B,11563
24,B,11564
24,B,11565
24,B,11566
24,B,11567
24,B,11568
24,B,11569
24,B,11570
24,B,11571
24,B,11572
24,B,11573
24,B,11574
24,B,11575
24,B,11576
24,B,11577
24,B,11578
24,B,11579
24,B,11580
24,B,11581
24,B,11582
24,B,11583
24,B,11584
24,B,11585
24,B,11586
24,B,11587
24,B,11588
24,B,11589
24,B,11590
24,B,11591
24,B,11592
24,B,11593
24,B,11594
24,B,11595
24,B,11596
24,B,11597
24,B,11598
24,B,11599
24,B,11600
24,B,11601
24,B,11602
24,B,11603
24,B,11604
24,B,11605
24,B,11606
24,B,11607
24,B,11608
24,B,11609
24,B,11610
24,B,11611
24,B,11612
24,B,11613
24,B,11614
24,B,11615
24,B,11616
24,B,11617
24,B,11618
24,B,11619
24,B,11620
24,B,11621
24,B,11622
24,B,11623
24,B,11624
24,B,11625
24,B,11626
24,B,11627
24,B,11628
24,B,11629
24,B,11630
24,B,11631
24,B,11632
24,B,11633
24,B,11634
24,B,11635
24,B,11636
24,B,11637
24,B,11638
24,B,11639
24,B,11640
24,B,11641
24,B,11642
24,B,11643
24,B,11644
24,B,11645
24,B,11646
24,B,11647
24,B,11648
24,B,11649
24,B,11650
24,B,11651
24,B,11652
24,B,11653
24,B,11654
24,B,11655
24,B,11656
24,B,11657
24,B,11658
24,B,11659
24,B,11660
24,B,11661
24,B,11662
24,B,11663
24,B,11664
24,B,11665
24,B,11666
24,B,11667
24,B,11668
24,B,11669
24,B,11670
24,B,11671
24,B,11672
24,B,11673
24,B,11674
24,B,11675
24,B,11676
24,B,11677
24,B,11678
24,B,11679
24,B,11680
24,B,11681
24,B,11682
24,B,11683
24,B,11684
24,B,11685
24,B,11686
24,B,11687
24,B,11688
24,B,11689
24,B,11690
24,B,11691
24,B,11692
24,B,11693
24,B,11694
24,B,11695
24,B,11696
24,B,11697
24,B,11698
24,B,11699
24,B,11700
24,B,11701
24,B,11702
24,B,11703
24,B,11704
24,B,11705
24,B,11706
24,B,11707
24,B,11708
24,B,11709
24,B,11710
24,B,11711
24,B,11712
24,B,11713
24,B,11714
24,B,11715
24,B,11716
24,B,11717
24,B,11718
24,B,11719
24,B,11720
24,B,11721
24,B,11722
24,B,11723
24,B,11724
24,B,11725
24,B,11726
24,B,11727
24,B,11728
24,B,11729
24,B,11730
24,B,11731
24,B,11732
24,B,11733
24,B,11734
24,B,11735
24,B,11736
24,B,11737
24,B,11738
24,B,11739
24,B,11740
24,B,11741
24,B,11742
24,B,11743
24,B,11744
24,B,11745
24,B,11746
24,B,11747
24,B,11748
24,B,11749
24,B,11750
24,B,11751
24,B,11752
24,B,11753
24,B,11754
24,B,11755
24,B,11756
24,B,11757
24,B,11758
24,B,11759
24,B,11760
24,B,11761
24,B,11762
24,B,11763
24,B,11764
24,B,11765
24,B,11766
24,B,11767
24,B,11768
24,B,11769
24,B,11770
24,B,11771
24,B,11772
24,B,11773
24,B,11774
24,B,11775
24,B,11776
24,B,11777
24,B,11778
24,B,11779
24,B,11780
24,B,11781
24,B,11782
24,B,11783
24,B,11784
24,B,11785
24,B,11786
24,B,11787
24,B,11788
24,B,11789
24,B,11790
24,B,11791
24,B,11792
24,B,11793
24,B,11794
24,B,11795
24,B,11796
24,B,11797
24,B,11798
24,B,11799
24,B,11800
24,B,11801
24,B,11802
24,B,11803
24,B,11804
24,B,11805
24,B,11806
24,B,11807
24,B,11808
24,B,11809
24,B,11810
24,B,11811
24,B,11812
24,B,11813
24,B,11814
24,B,11815
24,B,11816
24,B,11817
24,B,11818
24,B,11819
24,B,11820
24,B,11821
24,B,11822
24,B,11823
24,B,11824
24,B,11825
24,B,11826
24,B,11827
24,B,11828
24,B,11829
24,B,11830
24,B,11831
24,B,11832
24,B,11833
24,B,11834
24,B,11835
24,B,11836
24,B,11837
24,B,11838
24,B,11839
24,B,11840
24,B,11841
24,B,11842
24,B,11843
24,B,11844
24,B,11845
24,B,11846
24,B,11847
24,B,11848
24,B,11849
24,B,11850
24,B,11851
24,B,11852
24,B,11853
24,B,11854
24,B,11855
24,B,11856
24,B,11857
24,B,11858
24,B,11859
24,B,11860
24,B,11861
24,B,11862
24,B,11863
24,B,11864
24,B,11865
24,B,11866
24,B,11867
24,B,11868
24,B,11869
24,B,11870
24,B,11871
24,B,11872
24,B,11873
24,B,11874
24,B,11875
24,B,11876
24,B,11877
24,B,11878
24,B,11879
24,B,11880
24,B,11881
24,B,11882
24,B,11883
24,B,11884
24,B,11885
24,B,11886
24,B,11887
24,B,11888
24,B,11889
24,B,11890
24,B,11891
24,B,11892
24,B,11893
24,B,11894
24,B,11895
24,B,11896
24,B,11897
24,B,11898
24,B,11899
24,B,11900
24,B,11901
24,B,11902
24,B,11903
24,B,11904
24,B,11905
24,B,11906
24,B,11907
24,B,11908
24,B,11909
24,B,11910
24,B,11911
24,B,11912
24,B,11913
24,B,11914
24,B,11915
24,B,11916
24,B,11917
24,B,11918
24,B,11919
24,B,11920
24,B,11921
24,B,11922
24,B,11923
24,B,11924
24,B,11925
24,B,11926
24,B,11927
24,B,11928
24,B,11929
24,B,11930
24,B,11931
24,B,11932
24,B,11933
24,B,11934
24,B,11935
24,B,11936
24,B,11937
24,B,11938
24,B,11939
24,B,11940
24,B,11941
24,B,11942
24,B,11943
24,B,11944
24,B,11945
24,B,11946
24,B,11947
24,B,11948
24,B,11949
24,B,11950
24,B,11951
24,B,11952
24,B,11953
24,B,11954
24,B,11955
24,B,11956
24,B,11957
24,B,11958
24,B,11959
24,B,11960
24,B,11961
24,B,11962
24,B,11963
24,B,11964
24,B,11965
24,B,11966
24,B,11967
24,B,11968
24,B,11969
24,B,11970
24,B,11971
24,B,11972
24,B,11973
24,B,11974
24,B,11975
24,B,11976
24,B,11977
24,B,11978
24,B,11979
24,B,11980
24,B,11981
24,B,11982
24,B,11983
24,B,11984
24,B,11985
24,B,11986
24,B,11987
24,B,11988
24,B,11989
24,B,11990
24,B,11991
24,B,11992
24,B,11993
24,B,11994
24,B,11995
24,B,11996
24,B,11997
24,B,11998
24,B,11999
24,B,12000
24,B,12001
24,B,12002
24,B,12003
24,B,12004
24,B,12005
24,B,12006
24,B,12007
24,B,12008
24,B,12009
24,B,12010
24,B,12011
24,B,12012
24,B,12013
24,B,12014
24,B,12015
24,B,12016
24,B,12017
24,B,12018
24,B,12019
24,B,12020
24,B,12021
24,B,12022
24,B,12023
24,B,12024
24,B,12025
24,B,12026
24,B,12027
24,B,12028
24,B,12029
24,B,12030
24,B,12031
24,B,12032
24,B,12033
24,B,12034
24,B,12035
24,B,12036
24,B,12037
24,B,12038
24,B,12039
24,B,12040
24,B,12041
24,B,12042
24,B,12043
24,B,12044
24,B,12045
24,B,12046
24,B,12047
24,B,12048
24,B,12049
24,B,12050
24,B,12051
24,B,12052
24,B,12053
24,B,12054
24,B,12055
24,B,12056
24,B,12057
24,B,12058
24,B,12059
24,B,12060
24,B,12061
24,B,12062
24,B,12063
24,B,12064
24,B,12065
24,B,12066
24,B,12067
24,B,12068
24,B,12069
24,B,12070
24,B,12071
24,B,12072
24,B,12073
24,B,12074
24,B,12075
24,B,12076
24,B,12077
24,B,12078
24,B,12079
24,B,12080
24,B,12081
24,B,12082
24,B,12083
24,B,12084
24,B,12085
24,B,12086
24,B,12087
24,B,12088
24,B,12089
24,B,12090
24,B,12091
24,B,12092
24,B,12093
24,B,12094
24,B,12095
24,B,12096
24,B,12097
24,B,12098
24,B,12099
24,B,12100
24,B,12101
24,B,12102
24,B,12103
24,B,12104
24,B,12105
24,B,12106
24,B,12107
24,B,12108
24,B,12109
24,B,12110
24,B,12111
24,B,12112
24,B,12113
24,B,12114
24,B,12115
24,B,12116
24,B,12117
24,B,12118
24,B,12119
24,B,12120
24,B,12121
24,B,12122
24,B,12123
24,B,12124
24,B,12125
24,B,12126
24,B,12127
24,B,12128
24,B,12129
24,B,12130
24,B,12131
24,B,12132
24,B,12133
24,B,12134
24,B,12135
24,B,12136
24,B,12137
24,B,12138
24,B,12139
24,B,12140
24,B,12141
24,B,12142
24,B,12143
24,B,12144
24,B,12145
24,B,12146
24,B,12147
24,B,12148
24,B,12149
24,B,12150
24,B,12151
24,B,12152
24,B,12153
24,B,12154
24,B,12155
24,B,12156
24,B,12157
24,B,12158
24,B,12159
24,B,12160
24,B,12161
24,B,12162
24,B,12163
24,B,12164
24,B,12165
24,B,12166
24,B,12167
24,B,12168
24,B,12169
24,B,12170
24,B,12171
24,B,12172
24,B,12173
24,B,12174
24,B,12175
24,B,12176
24,B,12177
24,B,12178
24,B,12179
24,B,12180
24,B,12181
24,B,12182
24,B,12183
24,B,12184
24,B,12185
24,B,12186
24,B,12187
24,B,12188
24,B,12189
24,B,12190
24,B,12191
24,B,12192
24,B,12193
24,B,12194
24,B,12195
24,B,12196
24,B,12197
24,B,12198
24,B,12199
24,B,12200
24,B,12201
24,B,12202
24,B,12203
24,B,12204
24,B,12205
24,B,12206
24,B,12207
24,B,12208
24,B,12209
24,B,12210
24,B,12211
24,B,12212
24,B,12213
24,B,12214
24,B,12215
24,B,12216
24,B,12217
24,B,12218
24,B,12219
24,B,12220
24,B,12221
24,B,12222
24,B,12223
24,B,12224
24,B,12225
24,B,12226
24,B,12227
24,B,12228
24,B,12229
24,B,12230
24,B,12231
24,B,12232
24,B,12233
24,B,12234
24,B,12235
24,B,12236
24,B,12237
24,B,12238
24,B,12239
24,B,12240
24,B,12241
24,B,12242
24,B,12243
24,B,12244
24,B,12245
24,B,12246
24,B,12247
24,B,12248
24,B,12249
24,B,12250
24,B,12251
24,B,12252
24,B,12253
24,B,12254
24,B,12255
24,B,12256
24,B,12257
24,B,12258
24,B,12259
24,B,12260
24,B,12261
24,B,12262
24,B,12263
24,B,12264
24,B,12265
24,B,12266
24,B,12267
24,B,12268
24,B,12269
24,B,12270
24,B,12271
24,B,12272
24,B,12273
24,B,12274
24,B,12275
24,B,12276
24,B,12277
24,B,12278
24,B,12279
24,B,12280
24,B,12281
24,B,12282
24,B,12283
24,B,12284
24,B,12285
24,B,12286
24,B,12287
24,B,12288
24,B,12289
24,B,12290
24,B,12291
24,B,12292
24,B,12293
24,B,12294
24,B,12295
24,B,12296
24,B,12297
24,B,12298
24,B,12299
24,B,12300
24,B,12301
24,B,12302
24,B,12303
24,B,12304
24,B,12305
24,B,12306
24,B,12307
24,B,12308
24,B,12309
24,B,12310
24,B,12311
24,B,12312
24,B,12313
24,B,12314
24,B,12315
24,B,12316
24,B,12317
24,B,12318
24,B,12319
24,B,12320
24,B,12321
24,B,12322
24,B,12323
24,B,12324
24,B,12325
24,B,12326
24,B,12327
24,B,12328
24,B,12329
24,B,12330
24,B,12331
24,B,12332
24,B,12333
24,B,12334
24,B,12335
24,B,12336
24,B,12337
24,B,12338
24,B,12339
24,B,12340
24,B,12341
24,B,12342
24,B,12343
24,B,12344
24,B,12345
24,B,12346
24,B,12347
24,B,12348
24,B,12349
24,B,12350
24,B,12351
24,B,12352
24,B,12353
24,B,12354
24,B,12355
24,B,12356
24,B,12357
24,B,12358
24,B,12359
24,B,12360
24,B,12361
24,B,12362
24,B,12363
24,B,12364
24,B,12365
24,B,12366
24,B,12367
24,B,12368
24,B,12369
24,B,12370
24,B,12371
24,B,12372
24,B,12373
24,B,12374
24,B,12375
24,B,12376
24,B,12377
24,B,12378
24,B,12379
24,B,12380
24,B,12381
24,B,12382
24,B,12383
24,B,12384
24,B,12385
24,B,12386
24,B,12387
24,B,12388
24,B,12389
24,B,12390
24,B,12391
24,B,12392
24,B,12393
24,B,12394
24,B,12395
24,B,12396
24,B,12397
24,B,12398
24,B,12399
24,B,12400
24,B,12401
24,B,12402
24,B,12403
24,B,12404
24,B,12405
24,B,12406
24,B,12407
24,B,12408
24,B,12409
24,B,12410
24,B,12411
24,B,12412
24,B,12413
24,B,12414
24,B,12415
24,B,12416
24,B,12417
24,B,12418
24,B,12419
24,B,12420
24,B,12421
24,B,12422
24,B,12423
24,B,12424
24,B,12425
24,B,12426
24,B,12427
24,B,12428
24,B,12429
24,B,12430
24,B,12431
24,B,12432
24,B,12433
24,B,12434
24,B,12435
24,B,12436
24,B,12437
24,B,12438
24,B,12439
24,B,12440
24,B,12441
24,B,12442
24,B,12443
24,B,12444
24,B,12445
24,B,12446
24,B,12447
24,B,12448
24,B,12449
24,B,12450
24,B,12451
24,B,12452
24,B,12453
24,B,12454
24,B,12455
24,B,12456
24,B,12457
24,B,12458
24,B,12459
24,B,12460
24,B,12461
24,B,12462
24,B,12463
24,B,12464
24,B,12465
24,B,12466
24,B,12467
24,B,12468
24,B,12469
24,B,12470
24,B,12471
24,B,12472
24,B,12473
24,B,12474
24,B,12475
24,B,12476
24,B,12477
24,B,12478
24,B,12479
24,B,12480
24,B,12481
24,B,12482
24,B,12483
24,B,12484
24,B,12485
24,B,12486
24,B,12487
24,B,12488
24,B,12489
24,B,12490
24,B,12491
24,B,12492
24,B,12493
24,B,12494
24,B,12495
24,B,12496
24,B,12497
24,B,12498
24,B,12499
24,B,12500
24,B,12501
24,B,12502
24,B,12503
24,B,12504
24,B,12505
24,B,12506
24,B,12507
24,B,12508
24,B,12509
24,B,12510
24,B,12511
24,B,12512
24,B,12513
24,B,12514
24,B,12515
24,B,12516
24,B,12517
24,B,12518
24,B,12519
24,B,12520
24,B,12521
24,B,12522
24,B,12523
24,B,12524
24,B,12525
24,B,12526
24,B,12527
24,B,12528
24,B,12529
24,B,12530
24,B,12531
24,B,12532
24,B,12533
24,B,12534
24,B,12535
24,B,12536
24,B,12537
24,B,12538
24,B,12539
24,B,12540
24,B,12541
24,B,12542
24,B,12543
24,B,12544
24,B,12545
24,B,12546
24,B,12547
24,B,12548
24,B,12549
24,B,12550
24,B,12551
24,B,12552
24,B,12553
24,B,12554
24,B,12555
24,B,12556
24,B,12557
24,B,12558
24,B,12559
24,B,12560
24,B,12561
24,B,12562
24,B,12563
24,B,12564
24,B,12565
24,B,12566
24,B,12567
24,B,12568
24,B,12569
24,B,12570
24,B,12571
24,B,12572
24,B,12573
24,B,12574
24,B,12575
24,B,12576
24,B,12577
24,B,12578
24,B,12579
24,B,12580
24,B,12581
24,B,12582
24,B,12583
24,B,12584
24,B,12585
24,B,12586
24,B,12587
24,B,12588
24,B,12589
24,B,12590
24,B,12591
24,B,12592
24,B,12593
24,B,12594
24,B,12595
24,B,12596
24,B,12597
24,B,12598
24,B,12599
24,B,12600
24,B,12601
24,B,12602
24,B,12603
24,B,12604
24,B,12605
24,B,12606
24,B,12607
24,B,12608
24,B,12609
24,B,12610
24,B,12611
24,B,12612
24,B,12613
24,B,12614
24,B,12615
24,B,12616
24,B,12617
24,B,12618
24,B,12619
24,B,12620
24,B,12621
24,B,12622
24,B,12623
24,B,12624
24,B,12625
24,B,12626
24,B,12627
24,B,12628
24,B,12629
24,B,12630
24,B,12631
24,B,12632
24,B,12633
24,B,12634
24,B,12635
24,B,12636
24,B,12637
24,B,12638
24,B,12639
24,B,12640
24,B,12641
24,B,12642
24,B,12643
24,B,12644
24,B,12645
24,B,12646
24,B,12647
24,B,12648
24,B,12649
24,B,12650
24,B,12651
24,B,12652
24,B,12653
24,B,12654
24,B,12655
24,B,12656
24,B,12657
24,B,12658
24,B,12659
24,B,12660
24,B,12661
24,B,12662
24,B,12663
24,B,12664
24,B,12665
24,B,12666
24,B,12667
24,B,12668
24,B,12669
24,B,12670
24,B,12671
24,B,12672
24,B,12673
24,B,12674
24,B,12675
24,B,12676
24,B,12677
24,B,12678
24,B,12679
24,B,12680
24,B,12681
24,B,12682
24,B,12683
24,B,12684
24,B,12685
24,B,12686
24,B,12687
24,B,12688
24,B,12689
24,B,12690
24,B,12691
24,B,12692
24,B,12693
24,B,12694
24,B,12695
24,B,12696
24,B,12697
24,B,12698
24,B,12699
24,B,12700
24,B,12701
24,B,12702
24,B,12703
24,B,12704
24,B,12705
24,B,12706
24,B,12707
24,B,12708
24,B,12709
24,B,12710
24,B,12711
24,B,12712
24,B,12713
24,B,12714
24,B,12715
24,B,12716
24,B,12717
24,B,12718
24,B,12719
24,B,12720
24,B,12721
24,B,12722
24,B,12723
24,B,12724
24,B,12725
24,B,12726
24,B,12727
24,B,12728
24,B,12729
24,B,12730
24,B,12731
24,B,12732
24,B,12733
24,B,12734
24,B,12735
24,B,12736
24,B,12737
24,B,12738
24,B,12739
24,B,12740
24,B,12741
24,B,12742
24,B,12743
24,B,12744
24,B,12745
24,B,12746
24,B,12747
24,B,12748
24,B,12749
24,B,12750
24,B,12751
24,B,12752
24,B,12753
24,B,12754
24,B,12755
24,B,12756
24,B,12757
24,B,12758
24,B,12759
24,B,12760
24,B,12761
24,B,12762
24,B,12763
24,B,12764
24,B,12765
24,B,12766
24,B,12767
24,B,12768
24,B,12769
24,B,12770
24,B,12771
24,B,12772
24,B,12773
24,B,12774
24,B,12775
24,B,12776
24,B,12777
24,B,12778
24,B,12779
24,B,12780
24,B,12781
24,B,12782
24,B,12783
24,B,12784
24,B,12785
24,B,12786
24,B,12787
24,B,12788
24,B,12789
24,B,12790
24,B,12791
24,B,12792
24,B,12793
24,B,12794
24,B,12795
24,B,12796
24,B,12797
24,B,12798
24,B,12799
24,B,12800
24,B,12801
24,B,12802
24,B,12803
24,B,12804
24,B,12805
24,B,12806
24,B,12807
24,B,12808
24,B,12809
24,B,12810
24,B,12811
24,B,12812
24,B,12813
24,B,12814
24,B,12815
24,B,12816
24,B,12817
24,B,12818
24,B,12819
24,B,12820
24,B,12821
24,B,12822
24,B,12823
24,B,12824
24,B,12825
24,B,12826
24,B,12827
24,B,12828
24,B,12829
24,B,12830
24,B,12831
24,B,12832
24,B,12833
24,B,12834
24,B,12835
24,B,12836
24,B,12837
24,B,12838
24,B,12839
24,B,12840
24,B,12841
24,B,12842
24,B,12843
24,B,12844
24,B,12845
24,B,12846
24,B,12847
24,B,12848
24,B,12849
24,B,12850
24,B,12851
24,B,12852
24,B,12853
24,B,12854
24,B,12855
24,B,12856
24,B,12857
24,B,12858
24,B,12859
24,B,12860
24,B,12861
24,B,12862
24,B,12863
24,B,12864
24,B,12865
24,B,12866
24,B,12867
24,B,12868
24,B,12869
24,B,12870
24,B,12871
24,B,12872
24,B,12873
24,B,12874
24,B,12875
24,B,12876
24,B,12877
24,B,12878
24,B,12879
24,B,12880
24,B,12881
24,B,12882
24,B,12883
24,B,12884
24,B,12885
24,B,12886
24,B,12887
24,B,12888
24,B,12889
24,B,12890
24,B,12891
24,B,12892
24,B,12893
24,B,12894
24,B,12895
24,B,12896
24,B,12897
24,B,12898
24,B,12899
24,B,12900
24,B,12901
24,B,12902
24,B,12903
24,B,12904
24,B,12905
24,B,12906
24,B,12907
24,B,12908
24,B,12909
24,B,12910
24,B,12911
24,B,12912
24,B,12913
24,B,12914
24,B,12915
24,B,12916
24,B,12917
24,B,12918
24,B,12919
24,B,12920
24,B,12921
24,B,12922
24,B,12923
24,B,12924
24,B,12925
24,B,12926
24,B,12927
24,B,12928
24,B,12929
24,B,12930
24,B,12931
24,B,12932
24,B,12933
24,B,12934
24,B,12935
24,B,12936
24,B,12937
24,B,12938
24,B,12939
24,B,12940
24,B,12941
24,B,12942
24,B,12943
24,B,12944
24,B,12945
24,B,12946
24,B,12947
24,B,12948
24,B,12949
24,B,12950
24,B,12951
24,B,12952
24,B,12953
24,B,12954
24,B,12955
24,B,12956
24,B,12957
24,B,12958
24,B,12959
24,B,12960
24,B,12961
24,B,12962
24,B,12963
24,B,12964
24,B,12965
24,B,12966
24,B,12967
24,B,12968
24,B,12969
24,B,12970
24,B,12971
24,B,12972
24,B,12973
24,B,12974
24,B,12975
24,B,12976
24,B,12977
24,B,12978
24,B,12979
24,B,12980
24,B,12981
24,B,12982
24,B,12983
24,B,12984
24,B,12985
24,B,12986
24,B,12987
24,B,12988
24,B,12989
24,B,12990
24,B,12991
24,B,12992
24,B,12993
24,B,12994
24,B,12995
24,B,12996
24,B,12997
24,B,12998
24,B,12999
24,B,13000
24,B,13001
24,B,13002
24,B,13003
24,B,13004
24,B,13005
24,B,13006
24,B,13007
24,B,13008
24,B,13009
24,B,13010
24,B,13011
24,B,13012
24,B,13013
24,B,13014
24,B,13015
24,B,13016
24,B,13017
24,B,13018
24,B,13019
24,B,13020
24,B,13021
24,B,13022
24,B,13023
24,B,13024
24,B,13025
24,B,13026
24,B,13027
24,B,13028
24,B,13029
24,B,13030
24,B,13031
24,B,13032
24,B,13033
24,B,13034
24,B,13035
24,B,13036
24,B,13037
24,B,13038
24,B,13039
24,B,13040
24,B,13041
24,B,13042
24,B,13043
24,B,13044
24,B,13045
24,B,13046
24,B,13047
24,B,13048
24,B,13049
24,B,13050
24,B,13051
24,B,13052
24,B,13053
24,B,13054
24,B,13055
24,B,13056
24,B,13057
24,B,13058
24,B,13059
24,B,13060
24,B,13061
24,B,13062
24,B,13063
24,B,13064
24,B,13065
24,B,13066
24,B,13067
24,B,13068
24,B,13069
24,B,13070
24,B,13071
24,B,13072
24,B,13073
24,B,13074
24,B,13075
24,B,13076
24,B,13077
24,B,13078
24,B,13079
24,B,13080
24,B,13081
24,B,13082
24,B,13083
24,B,13084
24,B,13085
24,B,13086
24,B,13087
24,B,13088
24,B,13089
24,B,13090
24,B,13091
24,B,13092
24,B,13093
24,B,13094
24,B,13095
24,B,13096
24,B,13097
24,B,13098
24,B,13099
24,B,13100
24,B,13101
24,B,13102
24,B,13103
24,B,13104
24,B,13105
24,B,13106
24,B,0
24,B,1
24,B,2
24,B,3
24,B,4
24,B,5
24,B,6
24,B,7
24,B,8
24,B,9
24,B,10
24,B,11
24,B,12
24,B,13
24,B,14
24,B,15
24,B,16
24,B,17
24,B,18
24,B,19
24,B,20
24,B,21
24,B,22
24,B,23
24,B,24
24,B,25
24,B,26
24,B,27
24,B,28
24,B,29
24,B,30
24,B,31
24,B,32
24,B,33
24,B,34
24,B,35
24,B,36
24,B,37
24,B,38
24,B,39
24,B,40
24,B,41
24,B,42
24,B,43
24,B,44
24,B,45
24,B,46
24,B,47
24,B,48
24,B,49
24,B,50
24,B,51
24,B,52
24,B,53
24,B,54
24,B,55
24,B,56
24,B,57
24,B,58
24,B,59
24,B,60
24,B,61
24,B,62
24,B,63
24,B,64
24,B,65
24,B,66
24,B,67
24,B,68
24,B,69
24,B,70
24,B,71
24,B,72
24,B,73
24,B,74
24,B,75
24,B,76
24,B,77
24,B,78
24,B,79
24,B,80
24,B,81
24,B,82
24,B,83
24,B,84
24,B,85
24,B,86
24,B,87
24,B,88
24,B,89
24,B,90
24,B,91
24,B,92
24,B,93
24,B,94
24,B,95
24,B,96
24,B,97
24,B,98
24,B,99
24,B,100
24,B,101
24,B,102
24,B,103
24,B,104
24,B,105
24,B,106
24,B,107
24,B,108
24,B,109
24,B,110
24,B,111
24,B,112
24,B,113
24,B,114
24,B,115
24,B,116
24,B,117
24,B,118
24,B,119
24,B,120
24,B,121
24,B,122
24,B,123
24,B,124
24,B,125
24,B,126
24,B,127
24,B,128
24,B,129
24,B,130
24,B,131
24,B,132
24,B,133
24,B,134
24,B,135
24,B,136
24,B,137
24,B,138
24,B,139
24,B,140
24,B,141
24,B,142
24,B,143
24,B,144
24,B,145
24,B,146
24,B,147
24,B,148
24,B,149
24,B,150
24,B,151
24,B,152
24,B,153
24,B,154
24,B,155
24,B,156
24,B,157
24,B,158
24,B,159
24,B,160
24,B,161
24,B,162
24,B,163
24,B,164
24,B,165
24,B,166
24,B,167
24,B,168
24,B,169
24,B,170
24,B,171
24,B,172
24,B,173
24,B,174
24,B,175
24,B,176
24,B,177
24,B,178
24,B,179
24,B,180
24,B,181
24,B,182
24,B,183
24,B,184
24,B,185
24,B,186
24,B,187
24,B,188
24,B,189
24,B,190
24,B,191
24,B,192
24,B,193
24,B,194
24,B,195
24,B,196
24,B,197
24,B,198
24,B,199
24,B,200
24,B,201
24,B,202
24,B,203
24,B,204
24,B,205
24,B,206
24,B,207
24,B,208
24,B,209
24,B,210
24,B,211
24,B,212
24,B,213
24,B,214
24,B,215
24,B,216
24,B,217
24,B,218
24,B,219
24,B,220
24,B,221
24,B,222
24,B,223
24,B,224
24,B,225
24,B,226
24,B,227
24,B,228
24,B,229
24,B,230
24,B,231
24,B,232
24,B,233
24,B,234
24,B,235
24,B,236
24,B,237
24,B,238
24,B,239
24,B,240
24,B,241
24,B,242
24,B,243
24,B,244
24,B,245
24,B,246
24,B,247
24,B,248
24,B,249
24,B,250
24,B,251
24,B,252
24,B,253
24,B,254
24,B,255
24,B,256
24,B,257
24,B,258
24,B,259
24,B,260
24,B,261
24,B,262
24,B,263
24,B,264
24,B,265
24,B,266
24,B,267
24,B,268
24,B,269
24,B,270
24,B,271
24,B,272
24,B,273
24,B,274
24,B,275
24,B,276
24,B,277
24,B,278
24,B,279
24,B,280
24,B,281
24,B,282
24,B,283
24,B,284
24,B,285
24,B,286
24,B,287
24,B,288
24,B,289
24,B,290
24,B,291
24,B,292
24,B,293
24,B,294
24,B,295
24,B,296
24,B,297
24,B,298
24,B,299
24,B,300
24,B,301
24,B,302
24,B,303
24,B,304
24,B,305
24,B,306
24,B,307
24,B,308
24,B,309
24,B,310
24,B,311
24,B,312
24,B,313
24,B,314
24,B,315
24,B,316
24,B,317
24,B,318
24,B,319
24,B,320
24,B,321
24,B,322
24,B,323
24,B,324
24,B,325
24,B,326
24,B,327
24,B,328
24,B,329
24,B,330
24,B,331
24,B,332
24,B,333
24,B,334
24,B,335
24,B,336
24,B,337
24,B,338
24,B,339
24,B,340
24,B,341
24,B,342
24,B,343
24,B,344
24,B,345
24,B,346
24,B,347
24,B,348
24,B,349
24,B,350
24,B,351
24,B,352
24,B,353
24,B,354
24,B,355
24,B,356
24,B,357
24,B,358
24,B,359
24,B,360
24,B,361
24,B,362
24,B,363
24,B,364
24,B,365
24,B,366
24,B,367
24,B,368
24,B,369
24,B,370
24,B,371
24,B,372
24,B,373
24,B,374
24,B,375
24,B,376
24,B,377
24,B,378
24,B,379
24,B,380
24,B,381
24,B,382
24,B,383
24,B,384
24,B,385
24,B,386
24,B,387
24,B,388
24,B,389
24,B,390
24,B,391
24,B,392
24,B,393
24,B,394
24,B,395
24,B,396
24,B,397
24,B,398
24,B,399
24,B,400
24,B,401
24,B,402
24,B,403
24,B,404
24,B,405
24,B,406
24,B,407
24,B,408
24,B,409
24,B,410
24,B,411
24,B,412
24,B,413
24,B,414
24,B,415
24,B,416
24,B,417
24,B,418
24,B,419
24,B,420
24,B,421
24,B,422
24,B,423
24,B,424
24,B,425
24,B,426
24,B,427
24,B,428
24,B,429
24,B,430
24,B,431
24,B,432
24,B,433
24,B,434
24,B,435
24,B,436
24,B,437
24,B,438
24,B,439
24,B,440
24,B,441
24,B,442
24,B,443
24,B,444
24,B,445
24,B,446
24,B,447
24,B,448
24,B,449
24,B,450
24,B,451
24,B,452
24,B,453
24,B,454
24,B,455
24,B,456
24,B,457
24,B,458
24,B,459
24,B,460
24,B,461
24,B,462
24,B,463
24,B,464
24,B,465
24,B,466
24,B,467
24,B,468
24,B,469
24,B,470
24,B,471
24,B,472
24,B,473
24,B,474
24,B,475
24,B,476
24,B,477
24,B,478
24,B,479
24,B,480
24,B,481
24,B,482
24,B,483
24,B,484
24,B,485
24,B,486
24,B,487
24,B,488
24,B,489
24,B,490
24,B,491
24,B,492
24,B,493
24,B,494
24,B,495
24,B,496
24,B,497
24,B,498
24,B,499
24,B,500
24,B,501
24,B,502
24,B,503
24,B,504
24,B,505
24,B,506
24,B,507
24,B,508
24,B,509
24,B,510
24,B,511
24,B,512
24,B,513
24,B,514
24,B,515
24,B,516
24,B,517
24,B,518
24,B,519
24,B,520
24,B,521
24,B,522
24,B,523
24,B,524
24,B,525
24,B,526
24,B,527
24,B,528
24,B,529
24,B,530
24,B,531
24,B,532
24,B,533
24,B,534
24,B,535
24,B,536
24,B,537
24,B,538
24,B,539
24,B,540
24,B,541
24,B,542
24,B,543
24,B,544
24,B,545
24,B,546
24,B,547
24,B,548
24,B,549
24,B,550
24,B,551
24,B,552
24,B,553
24,B,554
24,B,555
24,B,556
24,B,557
24,B,558
24,B,559
24,B,560
24,B,561
24,B,562
24,B,563
24,B,564
24,B,565
24,B,566
24,B,567
24,B,568
24,B,569
24,B,570
24,B,571
24,B,572
24,B,573
24,B,574
24,B,575
24,B,576
24,B,577
24,B,578
24,B,579
24,B,580
24,B,581
24,B,582
24,B,583
24,B,584
24,B,585
24,B,586
24,B,587
24,B,588
24,B,589
24,B,590
24,B,591
24,B,592
24,B,593
24,B,594
24,B,595
24,B,596
24,B,597
24,B,598
24,B,599
24,B,600
24,B,601
24,B,602
24,B,603
24,B,604
24,B,605
24,B,606
24,B,607
24,B,608
24,B,609
24,B,610
24,B,611
24,B,612
24,B,613
24,B,614
24,B,615
24,B,616
24,B,617
24,B,618
24,B,619
24,B,620
24,B,621
24,B,622
24,B,623
24,B,624
24,B,625
24,B,626
24,B,627
24,B,628
24,B,629
24,B,630
24,B,631
24,B,632
24,B,633
24,B,634
24,B,635
24,B,636
24,B,637
24,B,638
24,B,639
24,B,640
24,B,641
24,B,642
24,B,643
24,B,644
24,B,645
24,B,646
24,B,647
24,B,648
24,B,649
24,B,650
24,B,651
24,B,652
24,B,653
24,B,654
24,B,655
24,B,656
24,B,657
24,B,658
24,B,659
24,B,660
24,B,661
24,B,662
24,B,663
24,B,664
24,B,665
24,B,666
24,B,667
24,B,668
24,B,669
24,B,670
24,B,671
24,B,672
24,B,673
24,B,674
24,B,675
24,B,676
24,B,677
24,B,678
24,B,679
24,B,680
24,B,681
24,B,682
24,B,683
24,B,684
24,B,685
24,B,686
24,B,687
24,B,688
24,B,689
24,B,690
24,B,691
24,B,692
24,B,693
24,B,694
24,B,695
24,B,696
24,B,697
24,B,698
24,B,699
24,B,700
24,B,701
24,B,702
24,B,703
24,B,704
24,B,705
24,B,706
24,B,707
24,B,708
24,B,709
24,B,710
24,B,711
24,B,712
24,B,713
24,B,714
24,B,715
24,B,716
24,B,717
24,B,718
24,B,719
24,B,720
24,B,721
24,B,722
24,B,723
24,B,724
24,B,725
24,B,726
24,B,727
24,B,728
24,B,729
24,B,730
24,B,731
24,B,732
24,B,733
24,B,734
24,B,735
24,B,736
24,B,737
24,B,738
24,B,739
24,B,740
24,B,741
24,B,742
24,B,743
24,B,744
24,B,745
24,B,746
24,B,747
24,B,748
24,B,749
24,B,750
24,B,751
24,B,752
24,B,753
24,B,754
24,B,755
24,B,756
24,B,757
24,B,758
24,B,759
24,B,760
24,B,761
24,B,762
24,B,763
24,B,764
24,B,765
24,B,766
24,B,767
24,B,768
24,B,769
24,B,770
24,B,771
24,B,772
24,B,773
24,B,774
24,B,775
24,B,776
24,B,777
24,B,778
24,B,779
24,B,780
24,B,781
24,B,782
24,B,783
24,B,784
24,B,785
24,B,786
24,B,787
24,B,788
24,B,789
24,B,790
24,B,791
24,B,792
24,B,793
24,B,794
24,B,795
24,B,796
24,B,797
24,B,798
24,B,799
24,B,800
24,B,801
24,B,802
24,B,803
24,B,804
24,B,805
24,B,806
24,B,807
24,B,808
24,B,809
24,B,810
24,B,811
24,B,812
24,B,813
24,B,814
24,B,815
24,B,816
24,B,817
24,B,818
24,B,819
24,B,820
24,B,821
24,B,822
24,B,823
24,B,824
24,B,825
24,B,826
24,B,827
24,B,828
24,B,829
24,B,830
24,B,831
24,B,832
24,B,833
24,B,834
24,B,835
24,B,836
24,B,837
24,B,838
24,B,839
24,B,840
24,B,841
24,B,842
24,B,843
24,B,844
24,B,845
24,B,846
24,B,847
24,B,848
24,B,849
24,B,850
24,B,851
24,B,852
24,B,853
24,B,854
24,B,855
24,B,856
24,B,857
24,B,858
24,B,859
24,B,860
24,B,861
24,B,862
24,B,863
24,B,864
24,B,865
24,B,866
24,B,867
24,B,868
24,B,869
24,B,870
24,B,871
24,B,872
24,B,873
24,B,874
24,B,875
24,B,876
24,B,877
24,B,878
24,B,879
24,B,880
24,B,881
24,B,882
24,B,883
24,B,884
24,B,885
24,B,886
24,B,887
24,B,888
24,B,889
24,B,890
24,B,891
24,B,892
24,B,893
24,B,894
24,B,895
24,B,896
24,B,897
24,B,898
24,B,899
24,B,900
24,B,901
24,B,902
24,B,903
24,B,904
24,B,905
24,B,906
24,B,907
24,B,908
24,B,909
24,B,910
24,B,911
24,B,912
24,B,913
24,B,914
24,B,915
24,B,916
24,B,917
24,B,918
24,B,919
24,B,920
24,B,921
24,B,922
24,B,923
24,B,924
24,B,925
24,B,926
24,B,927
24,B,928
24,B,929
24,B,930
24,B,931
24,B,932
24,B,933
24,B,934
24,B,935
24,B,936
24,B,937
24,B,938
24,B,939
24,B,940
24,B,941
24,B,942
24,B,943
24,B,944
24,B,945
24,B,946
24,B,947
24,B,948
24,B,949
24,B,950
24,B,951
24,B,952
24,B,953
24,B,954
24,B,955
24,B,956
24,B,957
24,B,958
24,B,959
24,B,960
24,B,961
24,B,962
24,B,963
24,B,964
24,B,965
24,B,966
24,B,967
24,B,968
24,B,969
24,B,970
24,B,971
24,B,972
24,B,973
24,B,974
24,B,975
24,B,976
24,B,977
24,B,978
24,B,979
24,B,980
24,B,981
24,B,982
24,B,983
24,B,984
24,B,985
24,B,986
24,B,987
24,B,988
24,B,989
24,B,990
24,B,991
24,B,992
24,B,993
24,B,994
24,B,995
24,B,996
24,B,997
24,B,998
24,B,999
24,B,1000
24,B,1001
24,B,1002
24,B,1003
24,B,1004
24,B,1005
24,B,1006
24,B,1007
24,B,1008
24,B,1009
24,B,1010
24,B,1011
24,B,1012
24,B,1013
24,B,1014
24,B,1015
24,B,1016
24,B,1017
24,B,1018
24,B,1019
24,B,1020
24,B,1021
24,B,1022
24,B,1023
24,B,1024
24,B,1025
24,B,1026
24,B,1027
24,B,1028
24,B,1029
24,B,1030
24,B,1031
24,B,1032
24,B,1033
24,B,1034
24,B,1035
24,B,1036
24,B,1037
24,B,1038
24,B,1039
24,B,1040
24,B,1041
24,B,1042
24,B,1043
24,B,1044
24,B,1045
24,B,1046
24,B,1047
24,B,1048
24,B,1049
24,B,1050
24,B,1051
24,B,1052
24,B,1053
24,B,1054
24,B,1055
24,B,1056
24,B,1057
24,B,1058
24,B,1059
24,B,1060
24,B,1061
24,B,1062
24,B,1063
24,B,1064
24,B,1065
24,B,1066
24,B,1067
24,B,1068
24,B,1069
24,B,1070
24,B,1071
24,B,1072
24,B,1073
24,B,1074
24,B,1075
24,B,1076
24,B,1077
24,B,1078
24,B,1079
24,B,1080
24,B,1081
24,B,1082
24,B,1083
24,B,1084
24,B,1085
24,B,1086
24,B,1087
24,B,1088
24,B,1089
24,B,1090
24,B,1091
24,B,1092
24,B,1093
24,B,1094
24,B,1095
24,B,1096
24,B,1097
24,B,1098
24,B,1099
24,B,1100
24,B,1101
24,B,1102
24,B,1103
24,B,1104
24,B,1105
24,B,1106
24,B,1107
24,B,1108
24,B,1109
24,B,1110
24,B,1111
24,B,1112
24,B,1113
24,B,1114
24,B,1115
24,B,1116
24,B,1117
24,B,1118
24,B,1119
24,B,1120
24,B,1121
24,B,1122
24,B,1123
24,B,1124
24,B,1125
24,B,1126
24,B,1127
24,B,1128
24,B,1129
24,B,1130
24,B,1131
24,B,1132
24,B,1133
24,B,1134
24,B,1135
24,B,1136
24,B,1137
24,B,1138
24,B,1139
24,B,1140
24,B,1141
24,B,1142
24,B,1143
24,B,1144
24,B,1145
24,B,1146
24,B,1147
24,B,1148
24,B,1149
24,B,1150
24,B,1151
24,B,1152
24,B,1153
24,B,1154
24,B,1155
24,B,1156
24,B,1157
24,B,1158
24,B,1159
24,B,1160
24,B,1161
24,B,1162
24,B,1163
24,B,1164
24,B,1165
24,B,1166
24,B,1167
24,B,1168
24,B,1169
24,B,1170
24,B,1171
24,B,1172
24,B,1173
24,B,1174
24,B,1175
24,B,1176
24,B,1177
24,B,1178
24,B,1179
24,B,1180
24,B,1181
24,B,1182
24,B,1183
24,B,1184
24,B,1185
24,B,1186
24,B,1187
24,B,1188
24,B,1189
24,B,1190
24,B,1191
24,B,1192
24,B,1193
24,B,1194
24,B,1195
24,B,1196
24,B,1197
24,B,1198
24,B,1199
24,B,1200
24,B,1201
24,B,1202
24,B,1203
24,B,1204
24,B,1205
24,B,1206
24,B,1207
24,B,1208
24,B,1209
24,B,1210
24,B,1211
24,B,1212
24,B,1213
24,B,1214
24,B,1215
24,B,1216
24,B,1217
24,B,1218
24,B,1219
24,B,1220
24,B,1221
24,B,1222
24,B,1223
24,B,1224
24,B,1225
24,B,1226
24,B,1227
24,B,1228
24,B,1229
24,B,1230
24,B,1231
24,B,1232
24,B,1233
24,B,1234
24,B,1235
24,B,1236
24,B,1237
24,B,1238
24,B,1239
24,B,1240
24,B,1241
24,B,1242
24,B,1243
24,B,1244
24,B,1245
24,B,1246
24,B,1247
24,B,1248
24,B,1249
24,B,1250
24,B,1251
24,B,1252
24,B,1253
24,B,1254
24,B,1255
24,B,1256
24,B,1257
24,B,1258
24,B,1259
24,B,1260
24,B,1261
24,B,1262
24,B,1263
24,B,1264
24,B,1265
24,B,1266
24,B,1267
24,B,1268
24,B,1269
24,B,1270
24,B,1271
24,B,1272
24,B,1273
24,B,1274
24,B,1275
24,B,1276
24,B,1277
24,B,1278
24,B,1279
24,B,1280
24,B,1281
24,B,1282
24,B,1283
24,B,1284
24,B,1285
24,B,1286
24,B,1287
24,B,1288
24,B,1289
24,B,1290
24,B,1291
24,B,1292
24,B,1293
24,B,1294
24,B,1295
24,B,1296
24,B,1297
24,B,1298
24,B,1299
24,B,1300
24,B,1301
24,B,1302
24,B,1303
24,B,1304
24,B,1305
24,B,1306
24,B,1307
24,B,1308
24,B,1309
24,B,1310
24,B,1311
24,B,1312
24,B,1313
24,B,1314
24,B,1315
24,B,1316
24,B,1317
24,B,1318
24,B,1319
24,B,1320
24,B,1321
24,B,1322
24,B,1323
24,B,1324
24,B,1325
24,B,1326
24,B,1327
24,B,1328
24,B,1329
24,B,1330
24,B,1331
24,B,1332
24,B,1333
24,B,1334
24,B,1335
24,B,1336
24,B,1337
24,B,1338
24,B,1339
24,B,1340
24,B,1341
24,B,1342
24,B,1343
24,B,1344
24,B,1345
24,B,1346
24,B,1347
24,B,1348
24,B,1349
24,B,1350
24,B,1351
24,B,1352
24,B,1353
24,B,1354
24,B,1355
24,B,1356
24,B,1357
24,B,1358
24,B,1359
24,B,1360
24,B,1361
24,B,1362
24,B,1363
24,B,1364
24,B,1365
24,B,1366
24,B,1367
24,B,1368
24,B,1369
24,B,1370
24,B,1371
24,B,1372
24,B,1373
24,B,1374
24,B,1375
24,B,1376
24,B,1377
24,B,1378
24,B,1379
24,B,1380
24,B,1381
24,B,1382
24,B,1383
24,B,1384
24,B,1385
24,B,1386
24,B,1387
24,B,1388
24,B,1389
24,B,1390
24,B,1391
24,B,1392
24,B,1393
24,B,1394
24,B,1395
24,B,1396
24,B,1397
24,B,1398
24,B,1399
24,B,1400
24,B,1401
24,B,1402
24,B,1403
24,B,1404
24,B,1405
24,B,1406
24,B,1407
24,B,1408
24,B,1409
24,B,1410
24,B,1411
24,B,1412
24,B,1413
24,B,1414
24,B,1415
24,B,1416
24,B,1417
24,B,1418
24,B,1419
24,B,1420
24,B,1421
24,B,1422
24,B,1423
24,B,1424
24,B,1425
24,B,1426
24,B,1427
24,B,1428
24,B,1429
24,B,1430
24,B,1431
24,B,1432
24,B,1433
24,B,1434
24,B,1435
24,B,1436
24,B,1437
24,B,1438
24,B,1439
24,B,1440
24,B,1441
24,B,1442
24,B,1443
24,B,1444
24,B,1445
24,B,1446
24,B,1447
24,B,1448
24,B,1449
24,B,1450
24,B,1451
24,B,1452
24,B,1453
24,B,1454
24,B,1455
24,B,1456
24,B,1457
24,B,1458
24,B,1459
24,B,1460
24,B,1461
24,B,1462
24,B,1463
24,B,1464
24,B,1465
24,B,1466
24,B,1467
24,B,1468
24,B,1469
24,B,1470
24,B,1471
24,B,1472
24,B,1473
24,B,1474
24,B,1475
24,B,1476
24,B,1477
24,B,1478
24,B,1479
24,B,1480
24,B,1481
24,B,1482
24,B,1483
24,B,1484
24,B,1485
24,B,1486
24,B,1487
24,B,1488
24,B,1489
24,B,1490
24,B,1491
24,B,1492
24,B,1493
24,B,1494
24,B,1495
24,B,1496
24,B,1497
24,B,1498
24,B,1499
24,B,1500
24,B,1501
24,B,1502
24,B,1503
24,B,1504
24,B,1505
24,B,1506
24,B,1507
24,B,1508
24,B,1509
24,B,1510
24,B,1511
24,B,1512
24,B,1513
24,B,1514
24,B,1515
24,B,1516
24,B,1517
24,B,1518
24,B,1519
24,B,1520
24,B,1521
24,B,1522
24,B,1523
24,B,1524
24,B,1525
24,B,1526
24,B,1527
24,B,1528
24,B,1529
24,B,1530
24,B,1531
24,B,1532
24,B,1533
24,B,1534
24,B,1535
24,B,1536
24,B,1537
24,B,1538
24,B,1539
24,B,1540
24,B,1541
24,B,1542
24,B,1543
24,B,1544
24,B,1545
24,B,1546
24,B,1547
24,B,1548
24,B,1549
24,B,1550
24,B,1551
24,B,1552
24,B,1553
24,B,1554
24,B,1555
24,B,1556
24,B,1557
24,B,1558
24,B,1559
24,B,1560
24,B,1561
24,B,1562
24,B,1563
24,B,1564
24,B,1565
24,B,1566
24,B,1567
24,B,1568
24,B,1569
24,B,1570
24,B,1571
24,B,1572
24,B,1573
24,B,1574
24,B,1575
24,B,1576
24,B,1577
24,B,1578
24,B,1579
24,B,1580
24,B,1581
24,B,1582
24,B,1583
24,B,1584
24,B,1585
24,B,1586
24,B,1587
24,B,1588
24,B,1589
24,B,1590
24,B,1591
24,B,1592
24,B,1593
24,B,1594
24,B,1595
24,B,1596
24,B,1597
24,B,1598
24,B,1599
24,B,1600
24,B,1601
24,B,1602
24,B,1603
24,B,1604
24,B,1605
24,B,1606
24,B,1607
24,B,1608
24,B,1609
24,B,1610
24,B,1611
24,B,1612
24,B,1613
24,B,1614
24,B,1615
24,B,1616
24,B,1617
24,B,1618
24,B,1619
24,B,1620
24,B,1621
24,B,1622
24,B,1623
24,B,1624
24,B,1625
24,B,1626
24,B,1627
24,B,1628
24,B,1629
24,B,1630
24,B,1631
24,B,1632
24,B,1633
24,B,1634
24,B,1635
24,B,1636
24,B,1637
24,B,1638
24,B,1639
24,B,1640
24,B,1641
24,B,1642
24,B,1643
24,B,1644
24,B,1645
24,B,1646
24,B,1647
24,B,1648
24,B,1649
24,B,1650
24,B,1651
24,B,1652
24,B,1653
24,B,1654
24,B,1655
24,B,1656
24,B,1657
24,B,1658
24,B,1659
24,B,1660
24,B,1661
24,B,1662
24,B,1663
24,B,1664
24,B,1665
24,B,1666
24,B,1667
24,B,1668
24,B,1669
24,B,1670
24,B,1671
24,B,1672
24,B,1673
24,B,1674
24,B,1675
24,B,1676
24,B,1677
24,B,1678
24,B,1679
24,B,1680
24,B,1681
24,B,1682
24,B,1683
24,B,1684
24,B,1685
24,B,1686
24,B,1687
24,B,1688
24,B,1689
24,B,1690
24,B,1691
24,B,1692
24,B,1693
24,B,1694
24,B,1695
24,B,1696
24,B,1697
24,B,1698
24,B,1699
24,B,1700
24,B,1701
24,B,1702
24,B,1703
24,B,1704
24,B,1705
24,B,1706
24,B,1707
24,B,1708
24,B,1709
24,B,1710
24,B,1711
24,B,1712
24,B,1713
24,B,1714
24,B,1715
24,B,1716
24,B,1717
24,B,1718
24,B,1719
24,B,1720
24,B,1721
24,B,1722
24,B,1723
24,B,1724
24,B,1725
24,B,1726
24,B,1727
24,B,1728
24,B,1729
24,B,1730
24,B,1731
24,B,1732
24,B,1733
24,B,1734
24,B,1735
24,B,1736
24,B,1737
24,B,1738
24,B,1739
24,B,1740
24,B,1741
24,B,1742
24,B,1743
24,B,1744
24,B,1745
24,B,1746
24,B,1747
24,B,1748
24,B,1749
24,B,1750
24,B,1751
24,B,1752
24,B,1753
24,B,1754
24,B,1755
24,B,1756
24,B,1757
24,B,1758
24,B,1759
24,B,1760
24,B,1761
24,B,1762
24,B,1763
24,B,1764
24,B,1765
24,B,1766
24,B,1767
24,B,1768
24,B,1769
24,B,1770
24,B,1771
24,B,1772
24,B,1773
24,B,1774
24,B,1775
24,B,1776
24,B,1777
24,B,1778
24,B,1779
24,B,1780
24,B,1781
24,B,1782
24,B,1783
24,B,1784
24,B,1785
24,B,1786
24,B,1787
24,B,1788
24,B,1789
24,B,1790
24,B,1791
24,B,1792
24,B,1793
24,B,1794
24,B,1795
24,B,1796
24,B,1797
24,B,1798
24,B,1799
24,B,1800
24,B,1801
24,B,1802
24,B,1803
24,B,1804
24,B,1805
24,B,1806
24,B,1807
24,B,1808
24,B,1809
24,B,1810
24,B,1811
24,B,1812
24,B,1813
24,B,1814
24,B,1815
24,B,1816
24,B,1817
24,B,1818
24,B,1819
24,B,1820
24,B,1821
24,B,1822
24,B,1823
24,B,1824
24,B,1825
24,B,1826
24,B,1827
24,B,1828
24,B,1829
24,B,1830
24,B,1831
24,B,1832
24,B,1833
24,B,1834
24,B,1835
24,B,1836
24,B,1837
24,B,1838
24,B,1839
24,B,1840
24,B,1841
24,B,1842
24,B,1843
24,B,1844
24,B,1845
24,B,1846
24,B,1847
24,B,1848
24,B,1849
24,B,1850
24,B,1851
24,B,1852
24,B,1853
24,B,1854
24,B,1855
24,B,1856
24,B,1857
24,B,1858
24,B,1859
24,B,1860
24,B,1861
24,B,1862
24,B,1863
24,B,1864
24,B,1865
24,B,1866
24,B,1867
24,B,1868
24,B,1869
24,B,1870
24,B,1871
24,B,1872
24,B,1873
24,B,1874
24,B,1875
24,B,1876
24,B,1877
24,B,1878
24,B,1879
24,B,1880
24,B,1881
24,B,1882
24,B,1883
24,B,1884
24,B,1885
24,B,1886
24,B,1887
24,B,1888
24,B,1889
24,B,1890
24,B,1891
24,B,1892
24,B,1893
24,B,1894
24,B,1895
24,B,1896
24,B,1897
24,B,1898
24,B,1899
24,B,1900
24,B,1901
24,B,1902
24,B,1903
24,B,1904
24,B,1905
24,B,1906
24,B,1907
24,B,1908
24,B,1909
24,B,1910
24,B,1911
24,B,1912
24,B,1913
24,B,1914
24,B,1915
24,B,1916
24,B,1917
24,B,1918
24,B,1919
24,B,1920
24,B,1921
24,B,1922
24,B,1923
24,B,1924
24,B,1925
24,B,1926
24,B,1927
24,B,1928
24,B,1929
24,B,1930
24,B,1931
24,B,1932
24,B,1933
24,B,1934
24,B,1935
24,B,1936
24,B,1937
24,B,1938
24,B,1939
24,B,1940
24,B,1941
24,B,1942
24,B,1943
24,B,1944
24,B,1945
24,B,1946
24,B,1947
24,B,1948
24,B,1949
24,B,1950
24,B,1951
24,B,1952
24,B,1953
24,B,1954
24,B,1955
24,B,1956
24,B,1957
24,B,1958
24,B,1959
24,B,1960
24,B,1961
24,B,1962
24,B,1963
24,B,1964
24,B,1965
24,B,1966
24,B,1967
24,B,1968
24,B,1969
24,B,1970
24,B,1971
24,B,1972
24,B,1973
24,B,1974
24,B,1975
24,B,1976
24,B,1977
24,B,1978
24,B,1979
24,B,1980
24,B,1981
24,B,1982
24,B,1983
24,B,1984
24,B,1985
24,B,1986
24,B,1987
24,B,1988
24,B,1989
24,B,1990
24,B,1991
24,B,1992
24,B,1993
24,B,1994
24,B,1995
24,B,1996
24,B,1997
24,B,1998
24,B,1999
24,B,2000
24,B,2001
24,B,2002
24,B,2003
24,B,2004
24,B,2005
24,B,2006
24,B,2007
24,B,2008
24,B,2009
24,B,2010
24,B,2011
24,B,2012
24,B,2013
24,B,2014
24,B,2015
24,B,2016
24,B,2017
24,B,2018
24,B,2019
24,B,2020
24,B,2021
24,B,2022
24,B,2023
24,B,2024
24,B,2025
24,B,2026
24,B,2027
24,B,2028
24,B,2029
24,B,2030
24,B,2031
24,B,2032
24,B,2033
24,B,2034
24,B,2035
24,B,2036
24,B,2037
24,B,2038
24,B,2039
24,B,2040
24,B,2041
24,B,2042
24,B,2043
24,B,2044
24,B,2045
24,B,2046
24,B,2047
24,B,2048
24,B,2049
24,B,2050
24,B,2051
24,B,2052
24,B,2053
24,B,2054
24,B,2055
24,B,2056
24,B,2057
24,B,2058
24,B,2059
24,B,2060
24,B,2061
24,B,2062
24,B,2063
24,B,2064
24,B,2065
24,B,2066
24,B,2067
24,B,2068
24,B,2069
24,B,2070
24,B,2071
24,B,2072
24,B,2073
24,B,2074
24,B,2075
24,B,2076
24,B,2077
24,B,2078
24,B,2079
24,B,2080
24,B,2081
24,B,2082
24,B,2083
24,B,2084
24,B,2085
24,B,2086
24,B,2087
24,B,2088
24,B,2089
24,B,2090
24,B,2091
24,B,2092
24,B,2093
24,B,2094
24,B,2095
24,B,2096
24,B,2097
24,B,2098
24,B,2099
24,B,2100
24,B,2101
24,B,2102
24,B,2103
24,B,2104
24,B,2105
24,B,2106
24,B,2107
24,B,2108
24,B,2109
24,B,2110
24,B,2111
24,B,2112
24,B,2113
24,B,2114
24,B,2115
24,B,2116
24,B,2117
24,B,2118
24,B,2119
24,B,2120
24,B,2121
24,B,2122
24,B,2123
24,B,2124
24,B,2125
24,B,2126
24,B,2127
24,B,2128
24,B,2129
24,B,2130
24,B,2131
24,B,2132
24,B,2133
24,B,2134
24,B,2135
24,B,2136
24,B,2137
24,B,2138
24,B,2139
24,B,2140
24,B,2141
24,B,2142
24,B,2143
24,B,2144
24,B,2145
24,B,2146
24,B,2147
24,B,2148
24,B,2149
24,B,2150
24,B,2151
24,B,2152
24,B,2153
24,B,2154
24,B,2155
24,B,2156
24,B,2157
24,B,2158
24,B,2159
24,B,2160
24,B,2161
24,B,2162
24,B,2163
24,B,2164
24,B,2165
24,B,2166
24,B,2167
24,B,2168
24,B,2169
24,B,2170
24,B,2171
24,B,2172
24,B,2173
24,B,2174
24,B,2175
24,B,2176
24,B,2177
24,B,2178
24,B,2179
24,B,2180
24,B,2181
24,B,2182
24,B,2183
24,B,2184
24,B,2185
24,B,2186
24,B,2187
24,B,2188
24,B,2189
24,B,2190
24,B,2191
24,B,2192
24,B,2193
24,B,2194
24,B,2195
24,B,2196
24,B,2197
24,B,2198
24,B,2199
24,B,2200
24,B,2201
24,B,2202
24,B,2203
24,B,2204
24,B,2205
24,B,2206
24,B,2207
24,B,2208
24,B,2209
24,B,2210
24,B,2211
24,B,2212
24,B,2213
24,B,2214
24,B,2215
24,B,2216
24,B,2217
24,B,2218
24,B,2219
24,B,2220
24,B,2221
24,B,2222
24,B,2223
24,B,2224
24,B,2225
24,B,2226
24,B,2227
24,B,2228
24,B,2229
24,B,2230
24,B,2231
24,B,2232
24,B,2233
24,B,2234
24,B,2235
24,B,2236
24,B,2237
24,B,2238
24,B,2239
24,B,2240
24,B,2241
24,B,2242
24,B,2243
24,B,2244
24,B,2245
24,B,2246
24,B,2247
24,B,2248
24,B,2249
24,B,2250
24,B,2251
24,B,2252
24,B,2253
24,B,2254
24,B,2255
24,B,2256
24,B,2257
24,B,2258
24,B,2259
24,B,2260
24,B,2261
24,B,2262
24,B,2263
24,B,2264
24,B,2265
24,B,2266
24,B,2267
24,B,2268
24,B,2269
24,B,2270
24,B,2271
24,B,2272
24,B,2273
24,B,2274
24,B,2275
24,B,2276
24,B,2277
24,B,2278
24,B,2279
24,B,2280
24,B,2281
24,B,2282
24,B,2283
24,B,2284
24,B,2285
24,B,2286
24,B,2287
24,B,2288
24,B,2289
24,B,2290
24,B,2291
24,B,2292
24,B,2293
24,B,2294
24,B,2295
24,B,2296
24,B,2297
24,B,2298
24,B,2299
24,B,2300
24,B,2301
24,B,2302
24,B,2303
24,B,2304
24,B,2305
24,B,2306
24,B,2307
24,B,2308
24,B,2309
24,B,2310
24,B,2311
24,B,2312
24,B,2313
24,B,2314
24,B,2315
24,B,2316
24,B,2317
24,B,2318
24,B,2319
24,B,2320
24,B,2321
24,B,2322
24,B,2323
24,B,2324
24,B,2325
24,B,2326
24,B,2327
24,B,2328
24,B,2329
24,B,2330
24,B,2331
24,B,2332
24,B,2333
24,B,2334
24,B,2335
24,B,2336
24,B,2337
24,B,2338
24,B,2339
24,B,2340
24,B,2341
24,B,2342
24,B,2343
24,B,2344
24,B,2345
24,B,2346
24,B,2347
24,B,2348
24,B,2349
24,B,2350
24,B,2351
24,B,2352
24,B,2353
24,B,2354
24,B,2355
24,B,2356
24,B,2357
24,B,2358
24,B,2359
24,B,2360
24,B,2361
24,B,2362
24,B,2363
24,B,2364
24,B,2365
24,B,2366
24,B,2367
24,B,2368
24,B,2369
24,B,2370
24,B,2371
24,B,2372
24,B,2373
24,B,2374
24,B,2375
24,B,2376
24,B,2377
24,B,2378
24,B,2379
24,B,2380
24,B,2381
24,B,2382
24,B,2383
24,B,2384
24,B,2385
24,B,2386
24,B,2387
24,B,2388
24,B,2389
24,B,2390
24,B,2391
24,B,2392
24,B,2393
24,B,2394
24,B,2395
24,B,2396
24,B,2397
24,B,2398
24,B,2399
24,B,2400
24,B,2401
24,B,2402
24,B,2403
24,B,2404
24,B,2405
24,B,2406
24,B,2407
24,B,2408
24,B,2409
24,B,2410
24,B,2411
24,B,2412
24,B,2413
24,B,2414
24,B,2415
24,B,2416
24,B,2417
24,B,2418
24,B,2419
24,B,2420
24,B,2421
24,B,2422
24,B,2423
24,B,2424
24,B,2425
24,B,2426
24,B,2427
24,B,2428
24,B,2429
24,B,2430
24,B,2431
24,B,2432
24,B,2433
24,B,2434
24,B,2435
24,B,2436
24,B,2437
24,B,2438
24,B,2439
24,B,2440
24,B,2441
24,B,2442
24,B,2443
24,B,2444
24,B,2445
24,B,2446
24,B,2447
24,B,2448
24,B,2449
24,B,2450
24,B,2451
24,B,2452
24,B,2453
24,B,2454
24,B,2455
24,B,2456
24,B,2457
24,B,2458
24,B,2459
24,B,2460
24,B,2461
24,B,2462
24,B,2463
24,B,2464
24,B,2465
24,B,2466
24,B,2467
24,B,2468
24,B,2469
24,B,2470
24,B,2471
24,B,2472
24,B,2473
24,B,2474
24,B,2475
24,B,2476
24,B,2477
24,B,2478
24,B,2479
24,B,2480
24,B,2481
24,B,2482
24,B,2483
24,B,2484
24,B,2485
24,B,2486
24,B,2487
24,B,2488
24,B,2489
24,B,2490
24,B,2491
24,B,2492
24,B,2493
24,B,2494
24,B,2495
24,B,2496
24,B,2497
24,B,2498
24,B,2499
24,B,2500
24,B,2501
24,B,2502
24,B,2503
24,B,2504
24,B,2505
24,B,2506
24,B,2507
24,B,2508
24,B,2509
24,B,2510
24,B,2511
24,B,2512
24,B,2513
24,B,2514
24,B,2515
24,B,2516
24,B,2517
24,B,2518
24,B,2519
24,B,2520
24,B,2521
24,B,2522
24,B,2523
24,B,2524
24,B,2525
24,B,2526
24,B,2527
24,B,2528
24,B,2529
24,B,2530
24,B,2531
24,B,2532
24,B,2533
24,B,2534
24,B,2535
24,B,2536
24,B,2537
24,B,2538
24,B,2539
24,B,2540
24,B,2541
24,B,2542
24,B,2543
24,B,2544
24,B,2545
24,B,2546
24,B,2547
24,B,2548
24,B,2549
24,B,2550
24,B,2551
24,B,2552
24,B,2553
24,B,2554
24,B,2555
24,B,2556
24,B,2557
24,B,2558
24,B,2559
24,B,2560
24,B,2561
24,B,2562
24,B,2563
24,B,2564
24,B,2565
24,B,2566
24,B,2567
24,B,2568
24,B,2569
24,B,2570
24,B,2571
24,B,2572
24,B,2573
24,B,2574
24,B,2575
24,B,2576
24,B,2577
24,B,2578
24,B,2579
24,B,2580
24,B,2581
24,B,2582
24,B,2583
24,B,2584
24,B,2585
24,B,2586
24,B,2587
24,B,2588
24,B,2589
24,B,2590
24,B,2591
24,B,2592
24,B,2593
24,B,2594
24,B,2595
24,B,2596
24,B,2597
24,B,2598
24,B,2599
24,B,2600
24,B,2601
24,B,2602
24,B,2603
24,B,2604
24,B,2605
24,B,2606
24,B,2607
24,B,2608
24,B,2609
24,B,2610
24,B,2611
24,B,2612
24,B,2613
24,B,2614
24,B,2615
24,B,2616
24,B,2617
24,B,2618
24,B,2619
24,B,2620
24,B,2621
24,B,2622
24,B,2623
24,B,2624
24,B,2625
24,B,2626
24,B,2627
24,B,2628
24,B,2629
24,B,2630
24,B,2631
24,B,2632
24,B,2633
24,B,2634
24,B,2635
24,B,2636
24,B,2637
24,B,2638
24,B,2639
24,B,2640
24,B,2641
24,B,2642
24,B,2643
24,B,2644
24,B,2645
24,B,2646
24,B,2647
24,B,2648
24,B,2649
24,B,2650
24,B,2651
24,B,2652
24,B,2653
24,B,2654
24,B,2655
24,B,2656
24,B,2657
24,B,2658
24,B,2659
24,B,2660
24,B,2661
24,B,2662
24,B,2663
24,B,2664
24,B,2665
24,B,2666
24,B,2667
24,B,2668
24,B,2669
24,B,2670
24,B,2671
24,B,2672
24,B,2673
24,B,2674
24,B,2675
24,B,2676
24,B,2677
24,B,2678
24,B,2679
24,B,2680
24,B,2681
24,B,2682
24,B,2683
24,B,2684
24,B,2685
24,B,2686
24,B,2687
24,B,2688
24,B,2689
24,B,2690
24,B,2691
24,B,2692
24,B,2693
24,B,2694
24,B,2695
24,B,2696
24,B,2697
24,B,2698
24,B,2699
24,B,2700
24,B,2701
24,B,2702
24,B,2703
24,B,2704
24,B,2705
24,B,2706
24,B,2707
24,B,2708
24,B,2709
24,B,2710
24,B,2711
24,B,2712
24,B,2713
24,B,2714
24,B,2715
24,B,2716
24,B,2717
24,B,2718
24,B,2719
24,B,2720
24,B,2721
24,B,2722
24,B,2723
24,B,2724
24,B,2725
24,B,2726
24,B,2727
24,B,2728
24,B,2729
24,B,2730
24,B,2731
24,B,2732
24,B,2733
24,B,2734
24,B,2735
24,B,2736
24,B,2737
24,B,2738
24,B,2739
24,B,2740
24,B,2741
24,B,2742
24,B,2743
24,B,2744
24,B,2745
24,B,2746
24,B,2747
24,B,2748
24,B,2749
24,B,2750
24,B,2751
24,B,2752
24,B,2753
24,B,2754
24,B,2755
24,B,2756
24,B,2757
24,B,2758
24,B,2759
24,B,2760
24,B,2761
24,B,2762
24,B,2763
24,B,2764
24,B,2765
24,B,2766
24,B,2767
24,B,2768
24,B,2769
24,B,2770
24,B,2771
24,B,2772
24,B,2773
24,B,2774
24,B,2775
24,B,2776
24,B,2777
24,B,2778
24,B,2779
24,B,2780
24,B,2781
24,B,2782
24,B,2783
24,B,2784
24,B,2785
24,B,2786
24,B,2787
24,B,2788
24,B,2789
24,B,2790
24,B,2791
24,B,2792
24,B,2793
24,B,2794
24,B,2795
24,B,2796
24,B,2797
24,B,2798
24,B,2799
24,B,2800
24,B,2801
24,B,2802
24,B,2803
24,B,2804
24,B,2805
24,B,2806
24,B,2807
24,B,2808
24,B,2809
24,B,2810
24,B,2811
24,B,2812
24,B,2813
24,B,2814
24,B,2815
24,B,2816
24,B,2817
24,B,2818
24,B,2819
24,B,2820
24,B,2821
24,B,2822
24,B,2823
24,B,2824
24,B,2825
24,B,2826
24,B,2827
24,B,2828
24,B,2829
24,B,2830
24,B,2831
24,B,2832
24,B,2833
24,B,2834
24,B,2835
24,B,2836
24,B,2837
24,B,2838
24,B,2839
24,B,2840
24,B,2841
24,B,2842
24,B,2843
24,B,2844
24,B,2845
24,B,2846
24,B,2847
24,B,2848
24,B,2849
24,B,2850
24,B,2851
24,B,2852
24,B,2853
24,B,2854
24,B,2855
24,B,2856
24,B,2857
24,B,2858
24,B,2859
24,B,2860
24,B,2861
24,B,2862
24,B,2863
24,B,2864
24,B,2865
24,B,2866
24,B,2867
24,B,2868
24,B,2869
24,B,2870
24,B,2871
24,B,2872
24,B,2873
24,B,2874
24,B,2875
24,B,2876
24,B,2877
24,B,2878
24,B,2879
24,B,2880
24,B,2881
24,B,2882
24,B,2883
24,B,2884
24,B,2885
24,B,2886
24,B,2887
24,B,2888
24,B,2889
24,B,2890
24,B,2891
24,B,2892
24,B,2893
24,B,2894
24,B,2895
24,B,2896
24,B,2897
24,B,2898
24,B,2899
24,B,2900
24,B,2901
24,B,2902
24,B,2903
24,B,2904
24,B,2905
24,B,2906
24,B,2907
24,B,2908
24,B,2909
24,B,2910
24,B,2911
24,B,2912
24,B,2913
24,B,2914
24,B,2915
24,B,2916
24,B,2917
24,B,2918
24,B,2919
24,B,2920
24,B,2921
24,B,2922
24,B,2923
24,B,2924
24,B,2925
24,B,2926
24,B,2927
24,B,2928
24,B,2929
24,B,2930
24,B,2931
24,B,2932
24,B,2933
24,B,2934
24,B,2935
24,B,2936
24,B,2937
24,B,2938
24,B,2939
24,B,2940
24,B,2941
24,B,2942
24,B,2943
24,B,2944
24,B,2945
24,B,2946
24,B,2947
24,B,2948
24,B,2949
24,B,2950
24,B,2951
24,B,2952
24,B,2953
24,B,2954
24,B,2955
24,B,2956
24,B,2957
24,B,2958
24,B,2959
24,B,2960
24,B,2961
24,B,2962
24,B,2963
24,B,2964
24,B,2965
24,B,2966
24,B,2967
24,B,2968
24,B,2969
24,B,2970
24,B,2971
24,B,2972
24,B,2973
24,B,2974
24,B,2975
24,B,2976
24,B,2977
24,B,2978
24,B,2979
24,B,2980
24,B,2981
24,B,2982
24,B,2983
24,B,2984
24,B,2985
24,B,2986
24,B,2987
24,B,2988
24,B,2989
24,B,2990
24,B,2991
24,B,2992
24,B,2993
24,B,2994
24,B,2995
24,B,2996
24,B,2997
24,B,2998
24,B,2999
24,B,3000
24,B,3001
24,B,3002
24,B,3003
24,B,3004
24,B,3005
24,B,3006
24,B,3007
24,B,3008
24,B,3009
24,B,3010
24,B,3011
24,B,3012
24,B,3013
24,B,3014
24,B,3015
24,B,3016
24,B,3017
24,B,3018
24,B,3019
24,B,3020
24,B,3021
24,B,3022
24,B,3023
24,B,3024
24,B,3025
24,B,3026
24,B,3027
24,B,3028
24,B,3029
24,B,3030
24,B,3031
24,B,3032
24,B,3033
24,B,3034
24,B,3035
24,B,3036
24,B,3037
24,B,3038
24,B,3039
24,B,3040
24,B,3041
24,B,3042
24,B,3043
24,B,3044
24,B,3045
24,B,3046
24,B,3047
24,B,3048
24,B,3049
24,B,3050
24,B,3051
24,B,3052
24,B,3053
24,B,3054
24,B,3055
24,B,3056
24,B,3057
24,B,3058
24,B,3059
24,B,3060
24,B,3061
24,B,3062
24,B,3063
24,B,3064
24,B,3065
24,B,3066
24,B,3067
24,B,3068
24,B,3069
24,B,3070
24,B,3071
24,B,3072
24,B,3073
24,B,3074
24,B,3075
24,B,3076
24,B,3077
24,B,3078
24,B,3079
24,B,3080
24,B,3081
24,B,3082
24,B,3083
24,B,3084
24,B,3085
24,B,3086
24,B,3087
24,B,3088
24,B,3089
24,B,3090
24,B,3091
24,B,3092
24,B,3093
24,B,3094
24,B,3095
24,B,3096
24,B,3097
24,B,3098
24,B,3099
24,B,3100
24,B,3101
24,B,3102
24,B,3103
24,B,3104
24,B,3105
24,B,3106
24,B,3107
24,B,3108
24,B,3109
24,B,3110
24,B,3111
24,B,3112
24,B,3113
24,B,3114
24,B,3115
24,B,3116
24,B,3117
24,B,3118
24,B,3119
24,B,3120
24,B,3121
24,B,3122
24,B,3123
24,B,3124
24,B,3125
24,B,3126
24,B,3127
24,B,3128
24,B,3129
24,B,3130
24,B,3131
24,B,3132
24,B,3133
24,B,3134
24,B,3135
24,B,3136
24,B,3137
24,B,3138
24,B,3139
24,B,3140
24,B,3141
24,B,3142
24,B,3143
24,B,3144
24,B,3145
24,B,3146
24,B,3147
24,B,3148
24,B,3149
24,B,3150
24,B,3151
24,B,3152
24,B,3153
24,B,3154
24,B,3155
24,B,3156
24,B,3157
24,B,3158
24,B,3159
24,B,3160
24,B,3161
24,B,3162
24,B,3163
24,B,3164
24,B,3165
24,B,3166
24,B,3167
24,B,3168
24,B,3169
24,B,3170
24,B,3171
24,B,3172
24,B,3173
24,B,3174
24,B,3175
24,B,3176
24,B,3177
24,B,3178
24,B,3179
24,B,3180
24,B,3181
24,B,3182
24,B,3183
24,B,3184
24,B,3185
24,B,3186
24,B,3187
24,B,3188
24,B,3189
24,B,3190
24,B,3191
24,B,3192
24,B,3193
24,B,3194
24,B,3195
24,B,3196
24,B,3197
24,B,3198
24,B,3199
24,B,3200
24,B,3201
24,B,3202
24,B,3203
24,B,3204
24,B,3205
24,B,3206
24,B,3207
24,B,3208
24,B,3209
24,B,3210
24,B,3211
24,B,3212
24,B,3213
24,B,3214
24,B,3215
24,B,3216
24,B,3217
24,B,3218
24,B,3219
24,B,3220
24,B,3221
24,B,3222
24,B,3223
24,B,3224
24,B,3225
24,B,3226
24,B,3227
24,B,3228
24,B,3229
24,B,3230
24,B,3231
24,B,3232
24,B,3233
24,B,3234
24,B,3235
24,B,3236
24,B,3237
24,B,3238
24,B,3239
24,B,3240
24,B,3241
24,B,3242
24,B,3243
24,B,3244
24,B,3245
24,B,3246
24,B,3247
24,B,3248
24,B,3249
24,B,3250
24,B,3251
24,B,3252
24,B,3253
24,B,3254
24,B,3255
24,B,3256
24,B,3257
24,B,3258
24,B,3259
24,B,3260
24,B,3261
24,B,3262
24,B,3263
24,B,3264
24,B,3265
24,B,3266
24,B,3267
24,B,3268
24,B,3269
24,B,3270
24,B,3271
24,B,3272
24,B,3273
24,B,3274
24,B,3275
24,B,3276
